ts,revenue,weeknum,month,season,holiday
2011-02-21,10541.35,1,2,1,0
2011-02-22,12031.92,2,2,1,0
2011-02-23,11256.8,3,2,1,0
2011-02-24,11983.35,4,2,1,0
2011-02-25,12957.84,5,2,1,0
2011-02-26,1,6,2,1,1
2011-02-27,1,7,2,1,1
2011-02-28,15304.1,1,2,1,0
2011-03-01,15710.4,2,3,1,0
2011-03-02,17142.2,3,3,1,0
2011-03-03,15794,4,3,1,0
2011-03-04,14313.85,5,3,1,0
2011-03-05,1,6,3,1,1
2011-03-06,1,7,3,1,1
2011-03-07,15619.02,1,3,1,0
2011-03-08,16458.39,2,3,1,0
2011-03-09,15890.32,3,3,1,0
2011-03-10,16798.47,4,3,1,0
2011-03-11,15593.46,5,3,1,0
2011-03-12,1,6,3,1,1
2011-03-13,1,7,3,1,1
2011-03-14,15597.67,1,3,1,0
2011-03-15,16806.61,2,3,1,0
2011-03-16,18626.02,3,3,1,0
2011-03-17,17250.34,4,3,1,0
2011-03-18,17000.92,5,3,1,0
2011-03-19,1,6,3,1,1
2011-03-20,1,7,3,1,1
2011-03-21,22031.04,1,3,1,0
2011-03-22,22643.61,2,3,1,0
2011-03-23,22388.25,3,3,1,0
2011-03-24,21099.29,4,3,1,0
2011-03-25,20575.64,5,3,1,0
2011-03-26,1,6,3,1,1
2011-03-27,1,7,3,1,1
2011-03-28,22112.88,1,3,1,0
2011-03-29,22026.36,2,3,1,0
2011-03-30,21267.68,3,3,1,0
2011-03-31,1,4,3,1,1
2011-04-01,1,5,4,2,1
2011-04-02,1,6,4,2,1
2011-04-03,1,7,4,2,1
2011-04-04,1,1,4,2,1
2011-04-05,1,2,4,2,1
2011-04-06,25878.83,3,4,2,0
2011-04-07,29930.02,4,4,2,0
2011-04-08,28451.22,5,4,2,0
2011-04-09,1,6,4,2,1
2011-04-10,1,7,4,2,1
2011-04-11,30406.9,1,4,2,0
2011-04-12,29337.9,2,4,2,0
2011-04-13,31962.44,3,4,2,0
2011-04-14,29456.33,4,4,2,0
2011-04-15,29429.52,5,4,2,0
2011-04-16,1,6,4,2,1
2011-04-17,1,7,4,2,1
2011-04-18,32375.71,1,4,2,0
2011-04-19,29941.71,2,4,2,0
2011-04-20,31037.15,3,4,2,0
2011-04-21,30886.34,4,4,2,0
2011-04-22,27422.54,5,4,2,0
2011-04-23,1,6,4,2,1
2011-04-24,1,7,4,2,1
2011-04-25,34043.84,1,4,2,0
2011-04-26,31402.04,2,4,2,0
2011-04-27,31447.92,3,4,2,0
2011-04-28,29018.06,4,4,2,0
2011-04-29,25721.54,5,4,2,0
2011-04-30,1,6,4,2,1
2011-05-01,1,7,5,2,1
2011-05-02,1,1,5,2,1
2011-05-03,28663.34,2,5,2,0
2011-05-04,31728.59,3,5,2,0
2011-05-05,31736.58,4,5,2,0
2011-05-06,30624.77,5,5,2,0
2011-05-07,1,6,5,2,1
2011-05-08,1,7,5,2,1
2011-05-09,32616.54,1,5,2,0
2011-05-10,33802.61,2,5,2,0
2011-05-11,31907.83,3,5,2,0
2011-05-12,33554.55,4,5,2,0
2011-05-13,25911.13,5,5,2,0
2011-05-14,1,6,5,2,1
2011-05-15,1,7,5,2,1
2011-05-16,32642.91,1,5,2,0
2011-05-17,33086.06,2,5,2,0
2011-05-18,32581.8,3,5,2,0
2011-05-19,31986.08,4,5,2,0
2011-05-20,30248.58,5,5,2,0
2011-05-21,1,6,5,2,1
2011-05-22,1,7,5,2,1
2011-05-23,32834.35,1,5,2,0
2011-05-24,35667.8,2,5,2,0
2011-05-25,33750.97,3,5,2,0
2011-05-26,34281.34,4,5,2,0
2011-05-27,31437.77,5,5,2,0
2011-05-28,1,6,5,2,1
2011-05-29,1,7,5,2,1
2011-05-30,32908.17,1,5,2,0
2011-05-31,31168.44,2,5,2,0
2011-06-01,33225.28,3,6,2,0
2011-06-02,32221.45,4,6,2,0
2011-06-03,30953.71,5,6,2,0
2011-06-04,1,6,6,2,1
2011-06-05,1,7,6,2,1
2011-06-06,1,1,6,2,1
2011-06-07,31723.52,2,6,2,0
2011-06-08,32022.28,3,6,2,0
2011-06-09,31877.55,4,6,2,0
2011-06-10,30158.47,5,6,2,0
2011-06-11,1,6,6,2,1
2011-06-12,1,7,6,2,1
2011-06-13,31344.73,1,6,2,0
2011-06-14,34636.58,2,6,2,0
2011-06-15,37039.66,3,6,2,0
2011-06-16,33926.91,4,6,2,0
2011-06-17,31878.19,5,6,2,0
2011-06-18,1,6,6,2,1
2011-06-19,1,7,6,2,1
2011-06-20,34371.48,1,6,2,0
2011-06-21,37286.96,2,6,2,0
2011-06-22,35690.54,3,6,2,0
2011-06-23,37982.51,4,6,2,0
2011-06-24,27922.52,5,6,2,0
2011-06-25,1,6,6,2,1
2011-06-26,1,7,6,2,1
2011-06-27,32742.79,1,6,2,0
2011-06-28,35299.92,2,6,2,0
2011-06-29,35969.56,3,6,2,0
2011-06-30,35847.48,4,6,2,0
2011-07-01,32532.04,5,7,3,0
2011-07-02,1,6,7,3,1
2011-07-03,1,7,7,3,1
2011-07-04,33114.2,1,7,3,0
2011-07-05,32907.47,2,7,3,0
2011-07-06,38558.02,3,7,3,0
2011-07-07,37930.29,4,7,3,0
2011-07-08,35141.29,5,7,3,0
2011-07-09,1,6,7,3,1
2011-07-10,1,7,7,3,1
2011-07-11,36964.6,1,7,3,0
2011-07-12,40075.21,2,7,3,0
2011-07-13,38470.96,3,7,3,0
2011-07-14,37454.44,4,7,3,0
2011-07-15,35119.45,5,7,3,0
2011-07-16,1,6,7,3,1
2011-07-17,1,7,7,3,1
2011-07-18,36709.99,1,7,3,0
2011-07-19,39397.2,2,7,3,0
2011-07-20,38743.89,3,7,3,0
2011-07-21,38639.05,4,7,3,0
2011-07-22,35589.94,5,7,3,0
2011-07-23,1,6,7,3,1
2011-07-24,1,7,7,3,1
2011-07-25,38463.95,1,7,3,0
2011-07-26,36758.26,2,7,3,0
2011-07-27,38536.22,3,7,3,0
2011-07-28,40245.83,4,7,3,0
2011-07-29,39440.38,5,7,3,0
2011-07-30,1,6,7,3,1
2011-07-31,38,7,7,3,0
2011-08-01,40682.8,1,8,3,0
2011-08-02,41486.75,2,8,3,0
2011-08-03,40862.13,3,8,3,0
2011-08-04,41374.5,4,8,3,0
2011-08-05,37234.04,5,8,3,0
2011-08-06,1,6,8,3,1
2011-08-07,1,7,8,3,1
2011-08-08,39878.3,1,8,3,0
2011-08-09,47517.99,2,8,3,0
2011-08-10,41157.4,3,8,3,0
2011-08-11,40644.91,4,8,3,0
2011-08-12,38222.12,5,8,3,0
2011-08-13,1,6,8,3,1
2011-08-14,1,7,8,3,1
2011-08-15,40979.43,1,8,3,0
2011-08-16,41507.44,2,8,3,0
2011-08-17,39162.8,3,8,3,0
2011-08-18,38631.72,4,8,3,0
2011-08-19,36982.38,5,8,3,0
2011-08-20,1,6,8,3,1
2011-08-21,1,7,8,3,1
2011-08-22,40238.68,1,8,3,0
2011-08-23,42954.3,2,8,3,0
2011-08-24,40213.35,3,8,3,0
2011-08-25,41316.23,4,8,3,0
2011-08-26,38550.23,5,8,3,0
2011-08-27,1,6,8,3,1
2011-08-28,1,7,8,3,1
2011-08-29,39619.08,1,8,3,0
2011-08-30,52654.47,2,8,3,0
2011-08-31,37560.19,3,8,3,0
2011-09-01,35088.68,4,9,3,0
2011-09-02,34156.9,5,9,3,0
2011-09-03,1,6,9,3,1
2011-09-04,1,7,9,3,1
2011-09-05,39683.57,1,9,3,0
2011-09-06,38644.05,2,9,3,0
2011-09-07,40387.22,3,9,3,0
2011-09-08,39280.23,4,9,3,0
2011-09-09,34553.49,5,9,3,0
2011-09-10,1,6,9,3,1
2011-09-11,1,7,9,3,1
2011-09-12,1,1,9,3,1
2011-09-13,37336.1,2,9,3,0
2011-09-14,36994.18,3,9,3,0
2011-09-15,35783.14,4,9,3,0
2011-09-16,33627.89,5,9,3,0
2011-09-17,1,6,9,3,1
2011-09-18,1,7,9,3,1
2011-09-19,37595.65,1,9,3,0
2011-09-20,39105.29,2,9,3,0
2011-09-21,38917.62,3,9,3,0
2011-09-22,38581,4,9,3,0
2011-09-23,37050.63,5,9,3,0
2011-09-24,1,6,9,3,1
2011-09-25,1,7,9,3,1
2011-09-26,36816.73,1,9,3,0
2011-09-27,39292.81,2,9,3,0
2011-09-28,37374.57,3,9,3,0
2011-09-29,34683.77,4,9,3,0
2011-09-30,28995.46,5,9,3,0
2011-10-01,1,6,10,4,1
2011-10-02,1,7,10,4,1
2011-10-03,1,1,10,4,1
2011-10-04,1,2,10,4,1
2011-10-05,1,3,10,4,1
2011-10-06,1,4,10,4,1
2011-10-07,1,5,10,4,1
2011-10-08,31391.27,6,10,4,0
2011-10-09,36698.27,7,10,4,0
2011-10-10,39820.66,1,10,4,0
2011-10-11,39166.59,2,10,4,0
2011-10-12,39610.43,3,10,4,0
2011-10-13,37127.49,4,10,4,0
2011-10-14,39144.25,5,10,4,0
2011-10-15,1,6,10,4,1
2011-10-16,1,7,10,4,1
2011-10-17,34544.14,1,10,4,0
2011-10-18,33187.59,2,10,4,0
2011-10-19,39463.2,3,10,4,0
2011-10-20,41420.22,4,10,4,0
2011-10-21,39682.75,5,10,4,0
2011-10-22,1,6,10,4,1
2011-10-23,1,7,10,4,1
2011-10-24,40075.13,1,10,4,0
2011-10-25,41783.88,2,10,4,0
2011-10-26,39338.69,3,10,4,0
2011-10-27,42122.53,4,10,4,0
2011-10-28,35228.1,5,10,4,0
2011-10-29,1,6,10,4,1
2011-10-30,1,7,10,4,1
2011-10-31,40686.42,1,10,4,0
2011-11-01,40764.4,2,11,4,0
2011-11-02,42139.43,3,11,4,0
2011-11-03,40239.48,4,11,4,0
2011-11-04,49843.59,5,11,4,0
2011-11-05,1,6,11,4,1
2011-11-06,1,7,11,4,1
2011-11-07,39843.02,1,11,4,0
2011-11-08,38891.89,2,11,4,0
2011-11-09,40295.61,3,11,4,0
2011-11-10,39438.17,4,11,4,0
2011-11-11,37715.48,5,11,4,0
2011-11-12,1,6,11,4,1
2011-11-13,1,7,11,4,1
2011-11-14,40692.85,1,11,4,0
2011-11-15,41779.68,2,11,4,0
2011-11-16,39637.5,3,11,4,0
2011-11-17,38542.52,4,11,4,0
2011-11-18,35253.59,5,11,4,0
2011-11-19,1,6,11,4,1
2011-11-20,1,7,11,4,1
2011-11-21,41367.18,1,11,4,0
2011-11-22,42371.8,2,11,4,0
2011-11-23,42524.09,3,11,4,0
2011-11-24,37175.13,4,11,4,0
2011-11-25,36085.58,5,11,4,0
2011-11-26,1,6,11,4,1
2011-11-27,1,7,11,4,1
2011-11-28,39092.7,1,11,4,0
2011-11-29,42500.32,2,11,4,0
2011-11-30,42000.25,3,11,4,0
2011-12-01,39953.25,4,12,4,0
2011-12-02,45246.96,5,12,4,0
2011-12-03,1,6,12,4,1
2011-12-04,1,7,12,4,1
2011-12-05,44699.56,1,12,4,0
2011-12-06,44644.36,2,12,4,0
2011-12-07,46708.77,3,12,4,0
2011-12-08,44590.87,4,12,4,0
2011-12-09,40893.39,5,12,4,0
2011-12-10,1,6,12,4,1
2011-12-11,1,7,12,4,1
2011-12-12,45463.23,1,12,4,0
2011-12-13,46307.22,2,12,4,0
2011-12-14,46316.96,3,12,4,0
2011-12-15,46312.55,4,12,4,0
2011-12-16,47330.3,5,12,4,0
2011-12-17,1,6,12,4,1
2011-12-18,1,7,12,4,1
2011-12-19,44135.78,1,12,4,0
2011-12-20,46134.32,2,12,4,0
2011-12-21,44785.67,3,12,4,0
2011-12-22,40553.28,4,12,4,0
2011-12-23,35738.85,5,12,4,0
2011-12-24,1,6,12,4,1
2011-12-25,1,7,12,4,1
2011-12-26,42016.4,1,12,4,0
2011-12-27,39695.34,2,12,4,0
2011-12-28,40654.68,3,12,4,0
2011-12-29,40376.98,4,12,4,0
2011-12-30,36151.07,5,12,4,0
2011-12-31,26328.57,6,12,4,0
2012-01-01,1,7,1,1,1
2012-01-02,1,1,1,1,1
2012-01-03,1,2,1,1,1
2012-01-04,44419.42,3,1,1,0
2012-01-05,45807.46,4,1,1,0
2012-01-06,42389.83,5,1,1,0
2012-01-07,1,6,1,1,1
2012-01-08,1,7,1,1,1
2012-01-09,46844.52,1,1,1,0
2012-01-10,44661.7,2,1,1,0
2012-01-11,48264.72,3,1,1,0
2012-01-12,45353.52,4,1,1,0
2012-01-13,40948.23,5,1,1,0
2012-01-14,1,6,1,1,1
2012-01-15,1,7,1,1,1
2012-01-16,42121.52,1,1,1,0
2012-01-17,41736.39,2,1,1,0
2012-01-18,40457.47,3,1,1,0
2012-01-19,33868.59,4,1,1,0
2012-01-20,25424.2,5,1,1,0
2012-01-21,10766,6,1,1,0
2012-01-22,1,7,1,1,1
2012-01-23,1,1,1,1,1
2012-01-24,1,2,1,1,1
2012-01-25,1,3,1,1,1
2012-01-26,1,4,1,1,1
2012-01-27,1,5,1,1,1
2012-01-28,1,6,1,1,1
2012-01-29,17473.5,7,1,1,0
2012-01-30,27475.85,1,1,1,0
2012-01-31,32340.8,2,1,1,0
2012-02-01,40261.6,3,2,1,0
2012-02-02,41706.54,4,2,1,0
2012-02-03,40291.2,5,2,1,0
2012-02-04,1,6,2,1,1
2012-02-05,1,7,2,1,1
2012-02-06,43393.9,1,2,1,0
2012-02-07,48042.7,2,2,1,0
2012-02-08,48116.4,3,2,1,0
2012-02-09,45213.45,4,2,1,0
2012-02-10,42666.6,5,2,1,0
2012-02-11,1,6,2,1,1
2012-02-12,1,7,2,1,1
2012-02-13,43809.7,1,2,1,0
2012-02-14,45194.6,2,2,1,0
2012-02-15,45880.78,3,2,1,0
2012-02-16,44933.65,4,2,1,0
2012-02-17,43214.47,5,2,1,0
2012-02-18,1,6,2,1,1
2012-02-19,1,7,2,1,1
2012-02-20,45259.3,1,2,1,0
2012-02-21,46373.8,2,2,1,0
2012-02-22,46446.1,3,2,1,0
2012-02-23,48893.5,4,2,1,0
2012-02-24,40635.43,5,2,1,0
2012-02-25,1,6,2,1,1
2012-02-26,1,7,2,1,1
2012-02-27,46030.93,1,2,1,0
2012-02-28,48010.7,2,2,1,0
2012-02-29,48123.84,3,2,1,0
2012-03-01,46922.36,4,3,1,0
2012-03-02,41606,5,3,1,0
2012-03-03,1,6,3,1,1
2012-03-04,1,7,3,1,1
2012-03-05,43474.8,1,3,1,0
2012-03-06,41870.1,2,3,1,0
2012-03-07,42947.8,3,3,1,0
2012-03-08,38631.2,4,3,1,0
2012-03-09,39194.84,5,3,1,0
2012-03-10,1,6,3,1,1
2012-03-11,1,7,3,1,1
2012-03-12,43378,1,3,1,0
2012-03-13,42616.48,2,3,1,0
2012-03-14,40331.8,3,3,1,0
2012-03-15,41592.6,4,3,1,0
2012-03-16,40285.2,5,3,1,0
2012-03-17,1,6,3,1,1
2012-03-18,1,7,3,1,1
2012-03-19,45323.4,1,3,1,0
2012-03-20,44696.35,2,3,1,0
2012-03-21,36076.3,3,3,1,0
2012-03-22,42066.3,4,3,1,0
2012-03-23,42087.15,5,3,1,0
2012-03-24,1,6,3,1,1
2012-03-25,1,7,3,1,1
2012-03-26,44766.4,1,3,1,0
2012-03-27,43801,2,3,1,0
2012-03-28,42068.47,3,3,1,0
2012-03-29,41349.2,4,3,1,0
2012-03-30,41181,5,3,1,0
2012-03-31,39742.2,6,3,1,0
2012-04-01,34499.4,7,4,2,0
2012-04-02,1,1,4,2,1
2012-04-03,1,2,4,2,1
2012-04-04,1,3,4,2,1
2012-04-05,38094.1,4,4,2,0
2012-04-06,37790.15,5,4,2,0
2012-04-07,1,6,4,2,1
2012-04-08,1,7,4,2,1
2012-04-09,46168,1,4,2,0
2012-04-10,48941.23,2,4,2,0
2012-04-11,45663.8,3,4,2,0
2012-04-12,45083.5,4,4,2,0
2012-04-13,42126.9,5,4,2,0
2012-04-14,1,6,4,2,1
2012-04-15,1,7,4,2,1
2012-04-16,44923.1,1,4,2,0
2012-04-17,44123.6,2,4,2,0
2012-04-18,44056.2,3,4,2,0
2012-04-19,44027.7,4,4,2,0
2012-04-20,44643,5,4,2,0
2012-04-21,1,6,4,2,1
2012-04-22,1,7,4,2,1
2012-04-23,43979.79,1,4,2,0
2012-04-24,50124.7,2,4,2,0
2012-04-25,47791.2,3,4,2,0
2012-04-26,45385.25,4,4,2,0
2012-04-27,45183.5,5,4,2,0
2012-04-28,33704.2,6,4,2,0
2012-04-29,1,7,4,2,1
2012-04-30,1,1,4,2,1
2012-05-01,1,2,5,2,1
2012-05-02,41276.2,3,5,2,0
2012-05-03,43456.9,4,5,2,0
2012-05-04,38141.45,5,5,2,0
2012-05-05,1,6,5,2,1
2012-05-06,1,7,5,2,1
2012-05-07,44372.75,1,5,2,0
2012-05-08,45347.55,2,5,2,0
2012-05-09,46951.1,3,5,2,0
2012-05-10,45035.7,4,5,2,0
2012-05-11,42858.8,5,5,2,0
2012-05-12,1,6,5,2,1
2012-05-13,1,7,5,2,1
2012-05-14,45091.2,1,5,2,0
2012-05-15,44531.5,2,5,2,0
2012-05-16,44122.7,3,5,2,0
2012-05-17,43814.3,4,5,2,0
2012-05-18,42037.6,5,5,2,0
2012-05-19,1,6,5,2,1
2012-05-20,1,7,5,2,1
2012-05-21,42164.36,1,5,2,0
2012-05-22,42339.73,2,5,2,0
2012-05-23,42543.03,3,5,2,0
2012-05-24,45926.5,4,5,2,0
2012-05-25,39923.1,5,5,2,0
2012-05-26,1,6,5,2,1
2012-05-27,1,7,5,2,1
2012-05-28,42146.7,1,5,2,0
2012-05-29,43455.9,2,5,2,0
2012-05-30,44412.3,3,5,2,0
2012-05-31,47446.9,4,5,2,0
2012-06-01,40272.4,5,6,2,0
2012-06-02,1,6,6,2,1
2012-06-03,1,7,6,2,1
2012-06-04,41083.45,1,6,2,0
2012-06-05,42053.1,2,6,2,0
2012-06-06,43604.75,3,6,2,0
2012-06-07,42143.2,4,6,2,0
2012-06-08,42551.4,5,6,2,0
2012-06-09,1,6,6,2,1
2012-06-10,1,7,6,2,1
2012-06-11,42617.85,1,6,2,0
2012-06-12,43946.63,2,6,2,0
2012-06-13,43550.95,3,6,2,0
2012-06-14,37619.25,4,6,2,0
2012-06-15,36642.3,5,6,2,0
2012-06-16,1,6,6,2,1
2012-06-17,1,7,6,2,1
2012-06-18,41132.6,1,6,2,0
2012-06-19,42204.25,2,6,2,0
2012-06-20,44502.6,3,6,2,0
2012-06-21,36122.2,4,6,2,0
2012-06-22,1,5,6,2,1
2012-06-23,1,6,6,2,1
2012-06-24,1,7,6,2,1
2012-06-25,38392.3,1,6,2,0
2012-06-26,49167.25,2,6,2,0
2012-06-27,39128.4,3,6,2,0
2012-06-28,44471.1,4,6,2,0
2012-06-29,38287.9,5,6,2,0
2012-06-30,1,6,6,2,1
2012-07-01,1,7,7,3,1
2012-07-02,40949.1,1,7,3,0
2012-07-03,41167.8,2,7,3,0
2012-07-04,42136.4,3,7,3,0
2012-07-05,33139.5,4,7,3,0
2012-07-06,30593.7,5,7,3,0
2012-07-07,1,6,7,3,1
2012-07-08,1,7,7,3,1
2012-07-09,42621.4,1,7,3,0
2012-07-10,48084.7,2,7,3,0
2012-07-11,47726.5,3,7,3,0
2012-07-12,45546.4,4,7,3,0
2012-07-13,42993.5,5,7,3,0
2012-07-14,1,6,7,3,1
2012-07-15,1,7,7,3,1
2012-07-16,48583.3,1,7,3,0
2012-07-17,47989,2,7,3,0
2012-07-18,47208.3,3,7,3,0
2012-07-19,47277.3,4,7,3,0
2012-07-20,44724.8,5,7,3,0
2012-07-21,1,6,7,3,1
2012-07-22,1,7,7,3,1
2012-07-23,46986.7,1,7,3,0
2012-07-24,46600.4,2,7,3,0
2012-07-25,44960.1,3,7,3,0
2012-07-26,49165.98,4,7,3,0
2012-07-27,44197.5,5,7,3,0
2012-07-28,1,6,7,3,1
2012-07-29,1,7,7,3,1
2012-07-30,48433.4,1,7,3,0
2012-07-31,49555.65,2,7,3,0
2012-08-01,50419.8,3,8,3,0
2012-08-02,50411.9,4,8,3,0
2012-08-03,48954.5,5,8,3,0
2012-08-04,1,6,8,3,1
2012-08-05,1,7,8,3,1
2012-08-06,49723.6,1,8,3,0
2012-08-07,51595.4,2,8,3,0
2012-08-08,50693.8,3,8,3,0
2012-08-09,50717.4,4,8,3,0
2012-08-10,42436.5,5,8,3,0
2012-08-11,1,6,8,3,1
2012-08-12,1,7,8,3,1
2012-08-13,46872,1,8,3,0
2012-08-14,49047.7,2,8,3,0
2012-08-15,48824.5,3,8,3,0
2012-08-16,48165.8,4,8,3,0
2012-08-17,54491.9,5,8,3,0
2012-08-18,1,6,8,3,1
2012-08-19,1,7,8,3,1
2012-08-20,49177.4,1,8,3,0
2012-08-21,48540.3,2,8,3,0
2012-08-22,48192.5,3,8,3,0
2012-08-23,43232.9,4,8,3,0
2012-08-24,42073,5,8,3,0
2012-08-25,1,6,8,3,1
2012-08-26,1,7,8,3,1
2012-08-27,48495.9,1,8,3,0
2012-08-28,48496.4,2,8,3,0
2012-08-29,46249.5,3,8,3,0
2012-08-30,47173,4,8,3,0
2012-08-31,44247.8,5,8,3,0
2012-09-01,1,6,9,3,1
2012-09-02,1,7,9,3,1
2012-09-03,48902.7,1,9,3,0
2012-09-04,46033.5,2,9,3,0
2012-09-05,48538,3,9,3,0
2012-09-06,47989.4,4,9,3,0
2012-09-07,43813.9,5,9,3,0
2012-09-08,1,6,9,3,1
2012-09-09,1,7,9,3,1
2012-09-10,45851,1,9,3,0
2012-09-11,49384.1,2,9,3,0
2012-09-12,46354.5,3,9,3,0
2012-09-13,44259.1,4,9,3,0
2012-09-14,43669,5,9,3,0
2012-09-15,1,6,9,3,1
2012-09-16,1,7,9,3,1
2012-09-17,32210,1,9,3,0
2012-09-18,32375.5,2,9,3,0
2012-09-19,32366,3,9,3,0
2012-09-20,43638.9,4,9,3,0
2012-09-21,40774.6,5,9,3,0
2012-09-22,1,6,9,3,1
2012-09-23,1,7,9,3,1
2012-09-24,45338.15,1,9,3,0
2012-09-25,47888.37,2,9,3,0
2012-09-26,53982,3,9,3,0
2012-09-27,42509.7,4,9,3,0
2012-09-28,41397.2,5,9,3,0
2012-09-29,27164.7,6,9,3,0
2012-09-30,1,7,9,3,1
2012-10-01,1,1,10,4,1
2012-10-02,1,2,10,4,1
2012-10-03,1,3,10,4,1
2012-10-04,1,4,10,4,1
2012-10-05,1,5,10,4,1
2012-10-06,1,6,10,4,1
2012-10-07,1,7,10,4,1
2012-10-08,37783.5,1,10,4,0
2012-10-09,42896.9,2,10,4,0
2012-10-10,43303.5,3,10,4,0
2012-10-11,42716.5,4,10,4,0
2012-10-12,41429,5,10,4,0
2012-10-13,1,6,10,4,1
2012-10-14,1,7,10,4,1
2012-10-15,45650.6,1,10,4,0
2012-10-16,48309,2,10,4,0
2012-10-17,46122.4,3,10,4,0
2012-10-18,42209.4,4,10,4,0
2012-10-19,36865.4,5,10,4,0
2012-10-20,1,6,10,4,1
2012-10-21,1,7,10,4,1
2012-10-22,42542,1,10,4,0
2012-10-23,45283.35,2,10,4,0
2012-10-24,43979.5,3,10,4,0
2012-10-25,43157,4,10,4,0
2012-10-26,43505.4,5,10,4,0
2012-10-27,1,6,10,4,1
2012-10-28,1,7,10,4,1
2012-10-29,39996.5,1,10,4,0
2012-10-30,41687.31,2,10,4,0
2012-10-31,41500,3,10,4,0
2012-11-01,38297,4,11,4,0
2012-11-02,41571.47,5,11,4,0
2012-11-03,1,6,11,4,1
2012-11-04,1,7,11,4,1
2012-11-05,46356.5,1,11,4,0
2012-11-06,41640.5,2,11,4,0
2012-11-07,61700.96,3,11,4,0
2012-11-08,43889.3,4,11,4,0
2012-11-09,34595.8,5,11,4,0
2012-11-10,1,6,11,4,1
2012-11-11,1,7,11,4,1
2012-11-12,38734.52,1,11,4,0
2012-11-13,43742.7,2,11,4,0
2012-11-14,42309.6,3,11,4,0
2012-11-15,44329.6,4,11,4,0
2012-11-16,36612.4,5,11,4,0
2012-11-17,1,6,11,4,1
2012-11-18,1,7,11,4,1
2012-11-19,47338.4,1,11,4,0
2012-11-20,46282.2,2,11,4,0
2012-11-21,45146.9,3,11,4,0
2012-11-22,44013.9,4,11,4,0
2012-11-23,41966.4,5,11,4,0
2012-11-24,1,6,11,4,1
2012-11-25,1,7,11,4,1
2012-11-26,44572,1,11,4,0
2012-11-27,46222.75,2,11,4,0
2012-11-28,45712.9,3,11,4,0
2012-11-29,45234.9,4,11,4,0
2012-11-30,43310.8,5,11,4,0
2012-12-01,1,6,12,4,1
2012-12-02,1,7,12,4,1
2012-12-03,44715,1,12,4,0
2012-12-04,46032.4,2,12,4,0
2012-12-05,47528.6,3,12,4,0
2012-12-06,46016.2,4,12,4,0
2012-12-07,47799.3,5,12,4,0
2012-12-08,1,6,12,4,1
2012-12-09,1,7,12,4,1
2012-12-10,50205.1,1,12,4,0
2012-12-11,52161,2,12,4,0
2012-12-12,55994.4,3,12,4,0
2012-12-13,45430,4,12,4,0
2012-12-14,45473.2,5,12,4,0
2012-12-15,1,6,12,4,1
2012-12-16,1,7,12,4,1
2012-12-17,50016.8,1,12,4,0
2012-12-18,49588.3,2,12,4,0
2012-12-19,48770.8,3,12,4,0
2012-12-20,44756.5,4,12,4,0
2012-12-21,42636.7,5,12,4,0
2012-12-22,1,6,12,4,1
2012-12-23,1,7,12,4,1
2012-12-24,41258.3,1,12,4,0
2012-12-25,40713.1,2,12,4,0
2012-12-26,43390.7,3,12,4,0
2012-12-27,39581.89,4,12,4,0
2012-12-28,35409.3,5,12,4,0
2012-12-29,1,6,12,4,1
2012-12-30,1,7,12,4,1
2012-12-31,21228,1,12,4,0
2013-01-01,1,2,1,1,1
2013-01-02,1,3,1,1,1
2013-01-03,1,4,1,1,1
2013-01-04,43860.4,5,1,1,0
2013-01-05,44205.5,6,1,1,0
2013-01-06,42642.48,7,1,1,0
2013-01-07,47354.65,1,1,1,0
2013-01-08,50807.1,2,1,1,0
2013-01-09,49508.7,3,1,1,0
2013-01-10,49588,4,1,1,0
2013-01-11,45941.8,5,1,1,0
2013-01-12,1,6,1,1,1
2013-01-13,1,7,1,1,1
2013-01-14,50472.2,1,1,1,0
2013-01-15,52465.5,2,1,1,0
2013-01-16,51034.4,3,1,1,0
2013-01-17,47456.5,4,1,1,0
2013-01-18,46231.25,5,1,1,0
2013-01-19,1,6,1,1,1
2013-01-20,1,7,1,1,1
2013-01-21,49679.3,1,1,1,0
2013-01-22,44946,2,1,1,0
2013-01-23,48664,3,1,1,0
2013-01-24,47579,4,1,1,0
2013-01-25,48541.48,5,1,1,0
2013-01-26,1,6,1,1,1
2013-01-27,1,7,1,1,1
2013-01-28,49753.5,1,1,1,0
2013-01-29,49917.5,2,1,1,0
2013-01-30,49083.5,3,1,1,0
2013-01-31,49882.2,4,1,1,0
2013-02-01,41074.5,5,2,1,0
2013-02-02,1,6,2,1,1
2013-02-03,1,7,2,1,1
2013-02-04,45042.5,1,2,1,0
2013-02-05,42880.8,2,2,1,0
2013-02-06,33831.9,3,2,1,0
2013-02-07,29936,4,2,1,0
2013-02-08,14856.8,5,2,1,0
2013-02-09,1,6,2,1,1
2013-02-10,1,7,2,1,1
2013-02-11,1,1,2,1,1
2013-02-12,1,2,2,1,1
2013-02-13,1,3,2,1,1
2013-02-14,1,4,2,1,1
2013-02-15,1,5,2,1,1
2013-02-16,21666,6,2,1,0
2013-02-17,28431.5,7,2,1,0
2013-02-18,38392.5,1,2,1,0
2013-02-19,44001,2,2,1,0
2013-02-20,44392.3,3,2,1,0
2013-02-21,47335.5,4,2,1,0
2013-02-22,43927.8,5,2,1,0
2013-02-23,1,6,2,1,1
2013-02-24,1,7,2,1,1
2013-02-25,50729.3,1,2,1,0
2013-02-26,47430.2,2,2,1,0
2013-02-27,51255.5,3,2,1,0
2013-02-28,57668,4,2,1,0
2013-03-01,46795.68,5,3,1,0
2013-03-02,1,6,3,1,1
2013-03-03,1,7,3,1,1
2013-03-04,45259.9,1,3,1,0
2013-03-05,44972.18,2,3,1,0
2013-03-06,47574.05,3,3,1,0
2013-03-07,46533.6,4,3,1,0
2013-03-08,40809.3,5,3,1,0
2013-03-09,1,6,3,1,1
2013-03-10,1,7,3,1,1
2013-03-11,47905.2,1,3,1,0
2013-03-12,50809.7,2,3,1,0
2013-03-13,48735.8,3,3,1,0
2013-03-14,48709.11,4,3,1,0
2013-03-15,42573.95,5,3,1,0
2013-03-16,1,6,3,1,1
2013-03-17,1,7,3,1,1
2013-03-18,47649.3,1,3,1,0
2013-03-19,52235.68,2,3,1,0
2013-03-20,48938.1,3,3,1,0
2013-03-21,46631.7,4,3,1,0
2013-03-22,44313.5,5,3,1,0
2013-03-23,1,6,3,1,1
2013-03-24,1,7,3,1,1
2013-03-25,50130.4,1,3,1,0
2013-03-26,50070.2,2,3,1,0
2013-03-27,51547.4,3,3,1,0
2013-03-28,51189.3,4,3,1,0
2013-03-29,45531,5,3,1,0
2013-03-30,1,6,3,1,1
2013-03-31,1,7,3,1,1
2013-04-01,49235,1,4,2,0
2013-04-02,51135.5,2,4,2,0
2013-04-03,43995.3,3,4,2,0
2013-04-04,1,4,4,2,1
2013-04-05,1,5,4,2,1
2013-04-06,1,6,4,2,1
2013-04-07,42101.5,7,4,2,0
2013-04-08,51135.1,1,4,2,0
2013-04-09,49635.3,2,4,2,0
2013-04-10,56962.1,3,4,2,0
2013-04-11,51781.3,4,4,2,0
2013-04-12,45557.5,5,4,2,0
2013-04-13,1,6,4,2,1
2013-04-14,1,7,4,2,1
2013-04-15,48958.81,1,4,2,0
2013-04-16,50226.9,2,4,2,0
2013-04-17,48701.4,3,4,2,0
2013-04-18,49054.3,4,4,2,0
2013-04-19,49516,5,4,2,0
2013-04-20,1,6,4,2,1
2013-04-21,1,7,4,2,1
2013-04-22,52034.6,1,4,2,0
2013-04-23,50408.5,2,4,2,0
2013-04-24,49024.6,3,4,2,0
2013-04-25,47263.8,4,4,2,0
2013-04-26,44852.24,5,4,2,0
2013-04-27,42849.39,6,4,2,0
2013-04-28,38004.89,7,4,2,0
2013-04-29,1,1,4,2,1
2013-04-30,1,2,4,2,1
2013-05-01,1,3,5,2,1
2013-05-02,39975.79,4,5,2,0
2013-05-03,40648.35,5,5,2,0
2013-05-04,1,6,5,2,1
2013-05-05,1,7,5,2,1
2013-05-06,49046.49,1,5,2,0
2013-05-07,49822.9,2,5,2,0
2013-05-08,51534.4,3,5,2,0
2013-05-09,50616.7,4,5,2,0
2013-05-10,41894.2,5,5,2,0
2013-05-11,1,6,5,2,1
2013-05-12,1,7,5,2,1
2013-05-13,49950.4,1,5,2,0
2013-05-14,49891.8,2,5,2,0
2013-05-15,54437.49,3,5,2,0
2013-05-16,47067.46,4,5,2,0
2013-05-17,43712.1,5,5,2,0
2013-05-18,1,6,5,2,1
2013-05-19,1,7,5,2,1
2013-05-20,49803.6,1,5,2,0
2013-05-21,49187.99,2,5,2,0
2013-05-22,50301,3,5,2,0
2013-05-23,50183.98,4,5,2,0
2013-05-24,48151.7,5,5,2,0
2013-05-25,1,6,5,2,1
2013-05-26,1,7,5,2,1
2013-05-27,53643.9,1,5,2,0
2013-05-28,49320.49,2,5,2,0
2013-05-29,49381.4,3,5,2,0
2013-05-30,51341.7,4,5,2,0
2013-05-31,44954.09,5,5,2,0
2013-06-01,1,6,6,2,1
2013-06-02,1,7,6,2,1
2013-06-03,50631.97,1,6,2,0
2013-06-04,55227.2,2,6,2,0
2013-06-05,52015.2,3,6,2,0
2013-06-06,51526.8,4,6,2,0
2013-06-07,52366.39,5,6,2,0
2013-06-08,47281.18,6,6,2,0
2013-06-09,40118.9,7,6,2,0
2013-06-10,1,1,6,2,1
2013-06-11,1,2,6,2,1
2013-06-12,1,3,6,2,1
2013-06-13,41790.9,4,6,2,0
2013-06-14,42284.3,5,6,2,0
2013-06-15,1,6,6,2,1
2013-06-16,1,7,6,2,1
2013-06-17,48730.9,1,6,2,0
2013-06-18,49572.8,2,6,2,0
2013-06-19,49678.2,3,6,2,0
2013-06-20,49156,4,6,2,0
2013-06-21,44619.3,5,6,2,0
2013-06-22,1,6,6,2,1
2013-06-23,1,7,6,2,1
2013-06-24,51763.5,1,6,2,0
2013-06-25,53966.4,2,6,2,0
2013-06-26,48850.6,3,6,2,0
2013-06-27,46216.7,4,6,2,0
2013-06-28,43645.5,5,6,2,0
2013-06-29,1,6,6,2,1
2013-06-30,1,7,6,2,1
2013-07-01,56670.1,1,7,3,0
2013-07-02,52725,2,7,3,0
2013-07-03,56599.7,3,7,3,0
2013-07-04,55328.5,4,7,3,0
2013-07-05,35314.7,5,7,3,0
2013-07-06,1,6,7,3,1
2013-07-07,1,7,7,3,1
2013-07-08,56649.85,1,7,3,0
2013-07-09,60917.3,2,7,3,0
2013-07-10,56125.25,3,7,3,0
2013-07-11,55644.5,4,7,3,0
2013-07-12,51759.3,5,7,3,0
2013-07-13,1,6,7,3,1
2013-07-14,1,7,7,3,1
2013-07-15,60444.5,1,7,3,0
2013-07-16,56161.1,2,7,3,0
2013-07-17,54028.38,3,7,3,0
2013-07-18,56745.5,4,7,3,0
2013-07-19,50748.2,5,7,3,0
2013-07-20,1,6,7,3,1
2013-07-21,1,7,7,3,1
2013-07-22,56113.9,1,7,3,0
2013-07-23,53305.7,2,7,3,0
2013-07-24,57968.61,3,7,3,0
2013-07-25,58208.9,4,7,3,0
2013-07-26,54296.9,5,7,3,0
2013-07-27,1,6,7,3,1
2013-07-28,1,7,7,3,1
2013-07-29,52690.7,1,7,3,0
2013-07-30,53974,2,7,3,0
2013-07-31,58816.5,3,7,3,0
2013-08-01,61055.2,4,8,3,0
2013-08-02,54255.3,5,8,3,0
2013-08-03,1,6,8,3,1
2013-08-04,1,7,8,3,1
2013-08-05,58349.1,1,8,3,0
2013-08-06,58312,2,8,3,0
2013-08-07,60499.2,3,8,3,0
2013-08-08,57511.7,4,8,3,0
2013-08-09,51971,5,8,3,0
2013-08-10,1,6,8,3,1
2013-08-11,1,7,8,3,1
2013-08-12,54377.7,1,8,3,0
2013-08-13,53790.5,2,8,3,0
2013-08-14,58398.7,3,8,3,0
2013-08-15,57815.3,4,8,3,0
2013-08-16,54930.6,5,8,3,0
2013-08-17,1,6,8,3,1
2013-08-18,1,7,8,3,1
2013-08-19,57204.2,1,8,3,0
2013-08-20,61232.5,2,8,3,0
2013-08-21,57492.8,3,8,3,0
2013-08-22,56034.8,4,8,3,0
2013-08-23,71609.3,5,8,3,0
2013-08-24,1,6,8,3,1
2013-08-25,1,7,8,3,1
2013-08-26,57764.7,1,8,3,0
2013-08-27,56167.8,2,8,3,0
2013-08-28,56239.3,3,8,3,0
2013-08-29,57078.5,4,8,3,0
2013-08-30,52255.15,5,8,3,0
2013-08-31,1,6,8,3,1
2013-09-01,1,7,9,3,1
2013-09-02,57175.2,1,9,3,0
2013-09-03,54427.6,2,9,3,0
2013-09-04,58041.16,3,9,3,0
2013-09-05,52540.65,4,9,3,0
2013-09-06,44406.9,5,9,3,0
2013-09-07,1,6,9,3,1
2013-09-08,1,7,9,3,1
2013-09-09,53754.9,1,9,3,0
2013-09-10,53663.1,2,9,3,0
2013-09-11,59912.8,3,9,3,0
2013-09-12,58874.82,4,9,3,0
2013-09-13,55274.6,5,9,3,0
2013-09-14,1,6,9,3,1
2013-09-15,1,7,9,3,1
2013-09-16,53348.25,1,9,3,0
2013-09-17,57502.3,2,9,3,0
2013-09-18,49222.6,3,9,3,0
2013-09-19,1,4,9,3,1
2013-09-20,1,5,9,3,1
2013-09-21,1,6,9,3,1
2013-09-22,44908.3,7,9,3,0
2013-09-23,53997.59,1,9,3,0
2013-09-24,53559.05,2,9,3,0
2013-09-25,52837.07,3,9,3,0
2013-09-26,50305.9,4,9,3,0
2013-09-27,47087.7,5,9,3,0
2013-09-28,1,6,9,3,1
2013-09-29,41280.45,7,9,3,0
2013-09-30,33933.02,1,9,3,0
2013-10-01,1,2,10,4,1
2013-10-02,1,3,10,4,1
2013-10-03,1,4,10,4,1
2013-10-04,1,5,10,4,1
2013-10-05,1,6,10,4,1
2013-10-06,1,7,10,4,1
2013-10-07,1,1,10,4,1
2013-10-08,47181.45,2,10,4,0
2013-10-09,52340.95,3,10,4,0
2013-10-10,51232.12,4,10,4,0
2013-10-11,49427,5,10,4,0
2013-10-12,43541.85,6,10,4,0
2013-10-13,1,7,10,4,1
2013-10-14,52153.7,1,10,4,0
2013-10-15,50693.5,2,10,4,0
2013-10-16,53549.5,3,10,4,0
2013-10-17,53355.06,4,10,4,0
2013-10-18,50716.9,5,10,4,0
2013-10-19,1,6,10,4,1
2013-10-20,1,7,10,4,1
2013-10-21,51181.5,1,10,4,0
2013-10-22,52501.7,2,10,4,0
2013-10-23,54511.4,3,10,4,0
2013-10-24,54467.7,4,10,4,0
2013-10-25,46988.9,5,10,4,0
2013-10-26,1,6,10,4,1
2013-10-27,1,7,10,4,1
2013-10-28,51475.2,1,10,4,0
2013-10-29,52709.27,2,10,4,0
2013-10-30,54092.25,3,10,4,0
2013-10-31,53402.25,4,10,4,0
2013-11-01,47119.91,5,11,4,0
2013-11-02,1,6,11,4,1
2013-11-03,1,7,11,4,1
2013-11-04,34534.85,1,11,4,0
2013-11-05,34093,2,11,4,0
2013-11-06,38021.5,3,11,4,0
2013-11-07,49979.45,4,11,4,0
2013-11-08,46821.58,5,11,4,0
2013-11-09,1,6,11,4,1
2013-11-10,1,7,11,4,1
2013-11-11,48877,1,11,4,0
2013-11-12,50870.65,2,11,4,0
2013-11-13,49786.1,3,11,4,0
2013-11-14,50051.05,4,11,4,0
2013-11-15,46617.55,5,11,4,0
2013-11-16,1,6,11,4,1
2013-11-17,1,7,11,4,1
2013-11-18,50893.15,1,11,4,0
2013-11-19,50235.5,2,11,4,0
2013-11-20,53091.1,3,11,4,0
2013-11-21,49571,4,11,4,0
2013-11-22,44135.4,5,11,4,0
2013-11-23,1,6,11,4,1
2013-11-24,1,7,11,4,1
2013-11-25,49996.35,1,11,4,0
2013-11-26,51183.6,2,11,4,0
2013-11-27,54326.7,3,11,4,0
2013-11-28,49051.9,4,11,4,0
2013-11-29,44748.45,5,11,4,0
2013-11-30,1,6,11,4,1
2013-12-01,1,7,12,4,1
2013-12-02,49929,1,12,4,0
2013-12-03,51203.6,2,12,4,0
2013-12-04,53196.95,3,12,4,0
2013-12-05,51666,4,12,4,0
2013-12-06,46663.15,5,12,4,0
2013-12-07,1,6,12,4,1
2013-12-08,1,7,12,4,1
2013-12-09,51251.95,1,12,4,0
2013-12-10,50436.05,2,12,4,0
2013-12-11,49422.6,3,12,4,0
2013-12-12,46829.7,4,12,4,0
2013-12-13,46230.3,5,12,4,0
2013-12-14,1,6,12,4,1
2013-12-15,1,7,12,4,1
2013-12-16,50055.05,1,12,4,0
2013-12-17,49949,2,12,4,0
2013-12-18,50006.5,3,12,4,0
2013-12-19,49684.6,4,12,4,0
2013-12-20,44841.05,5,12,4,0
2013-12-21,1,6,12,4,1
2013-12-22,1,7,12,4,1
2013-12-23,53810.55,1,12,4,0
2013-12-24,50186.15,2,12,4,0
2013-12-25,40219.8,3,12,4,0
2013-12-26,45738.55,4,12,4,0
2013-12-27,37936.59,5,12,4,0
2013-12-28,1,6,12,4,1
2013-12-29,1,7,12,4,1
2013-12-30,38725.8,1,12,4,0
2013-12-31,34274,2,12,4,0
2014-01-01,1,3,1,1,1
2014-01-02,44684.44,4,1,1,0
2014-01-03,44050.35,5,1,1,0
2014-01-04,1,6,1,1,1
2014-01-05,1,7,1,1,1
2014-01-06,50675.05,1,1,1,0
2014-01-07,49278.9,2,1,1,0
2014-01-08,50616.8,3,1,1,0
2014-01-09,51802.7,4,1,1,0
2014-01-10,47923.97,5,1,1,0
2014-01-11,1,6,1,1,1
2014-01-12,1,7,1,1,1
2014-01-13,51114.75,1,1,1,0
2014-01-14,52177,2,1,1,0
2014-01-15,48759.9,3,1,1,0
2014-01-16,50984.95,4,1,1,0
2014-01-17,46012,5,1,1,0
2014-01-18,1,6,1,1,1
2014-01-19,1,7,1,1,1
2014-01-20,49304.85,1,1,1,0
2014-01-21,52036.95,2,1,1,0
2014-01-22,47706.85,3,1,1,0
2014-01-23,47250.4,4,1,1,0
2014-01-24,42533.95,5,1,1,0
2014-01-25,1,6,1,1,1
2014-01-26,34634.85,7,1,1,0
2014-01-27,35171.15,1,1,1,0
2014-01-28,29216.44,2,1,1,0
2014-01-29,20146.8,3,1,1,0
2014-01-30,2096.3,4,1,1,0
2014-01-31,1,5,1,1,1
2014-02-01,1,6,2,1,1
2014-02-02,1,7,2,1,1
2014-02-03,1,1,2,1,1
2014-02-04,1,2,2,1,1
2014-02-05,1,3,2,1,1
2014-02-06,1,4,2,1,1
2014-02-07,24765.85,5,2,1,0
2014-02-08,26873.15,6,2,1,0
2014-02-09,1,7,2,1,1
2014-02-10,46103.7,1,2,1,0
2014-02-11,49677.6,2,2,1,0
2014-02-12,49933.05,3,2,1,0
2014-02-13,73459,4,2,1,0
2014-02-14,67325.71,5,2,1,0
2014-02-15,1,6,2,1,1
2014-02-16,1,7,2,1,1
2014-02-17,51146.75,1,2,1,0
2014-02-18,52466.1,2,2,1,0
2014-02-19,54738.5,3,2,1,0
2014-02-20,53270.2,4,2,1,0
2014-02-21,47754.05,5,2,1,0
2014-02-22,1,6,2,1,1
2014-02-23,1,7,2,1,1
2014-02-24,52574.8,1,2,1,0
2014-02-25,54021.85,2,2,1,0
2014-02-26,53064.9,3,2,1,0
2014-02-27,50416.45,4,2,1,0
2014-02-28,46685.95,5,2,1,0
2014-03-01,1,6,3,1,1
2014-03-02,1,7,3,1,1
2014-03-03,48260.2,1,3,1,0
2014-03-04,49200.37,2,3,1,0
2014-03-05,48821.3,3,3,1,0
2014-03-06,49794.9,4,3,1,0
2014-03-07,42455.9,5,3,1,0
2014-03-08,1,6,3,1,1
2014-03-09,1,7,3,1,1
2014-03-10,48562.5,1,3,1,0
2014-03-11,51831.75,2,3,1,0
2014-03-12,50588.25,3,3,1,0
2014-03-13,49225.55,4,3,1,0
2014-03-14,47225.3,5,3,1,0
2014-03-15,1,6,3,1,1
2014-03-16,1,7,3,1,1
2014-03-17,49984.9,1,3,1,0
2014-03-18,48168.5,2,3,1,0
2014-03-19,52572,3,3,1,0
2014-03-20,48951.8,4,3,1,0
2014-03-21,43713.55,5,3,1,0
2014-03-22,1,6,3,1,1
2014-03-23,1,7,3,1,1
2014-03-24,52938.25,1,3,1,0
2014-03-25,49609.6,2,3,1,0
2014-03-26,51896.85,3,3,1,0
2014-03-27,51277.7,4,3,1,0
2014-03-28,42997.15,5,3,1,0
2014-03-29,1,6,3,1,1
2014-03-30,1,7,3,1,1
2014-03-31,50312.5,1,3,1,0
2014-04-01,52147.2,2,4,2,0
2014-04-02,50164.25,3,4,2,0
2014-04-03,47961.95,4,4,2,0
2014-04-04,41156.1,5,4,2,0
2014-04-05,1,6,4,2,1
2014-04-06,1,7,4,2,1
2014-04-07,1,1,4,2,1
2014-04-08,47586.88,2,4,2,0
2014-04-09,49882.2,3,4,2,0
2014-04-10,47986.55,4,4,2,0
2014-04-11,48204.1,5,4,2,0
2014-04-12,1,6,4,2,1
2014-04-13,1,7,4,2,1
2014-04-14,50566.4,1,4,2,0
2014-04-15,51566.85,2,4,2,0
2014-04-16,53044.25,3,4,2,0
2014-04-17,49689.8,4,4,2,0
2014-04-18,44367.5,5,4,2,0
2014-04-19,1,6,4,2,1
2014-04-20,1,7,4,2,1
2014-04-21,51022.5,1,4,2,0
2014-04-22,49231.95,2,4,2,0
2014-04-23,54172.35,3,4,2,0
2014-04-24,50266.95,4,4,2,0
2014-04-25,49041.5,5,4,2,0
2014-04-26,1,6,4,2,1
2014-04-27,1,7,4,2,1
2014-04-28,46599.55,1,4,2,0
2014-04-29,44231.1,2,4,2,0
2014-04-30,43869.55,3,4,2,0
2014-05-01,1,4,5,2,1
2014-05-02,1,5,5,2,1
2014-05-03,1,6,5,2,1
2014-05-04,39807.55,7,5,2,0
2014-05-05,46421.9,1,5,2,0
2014-05-06,47215.07,2,5,2,0
2014-05-07,48423.4,3,5,2,0
2014-05-08,48940.3,4,5,2,0
2014-05-09,46126.6,5,5,2,0
2014-05-10,1,6,5,2,1
2014-05-11,1,7,5,2,1
2014-05-12,49701.9,1,5,2,0
2014-05-13,46929.85,2,5,2,0
2014-05-14,51010.2,3,5,2,0
2014-05-15,47231.8,4,5,2,0
2014-05-16,44657.3,5,5,2,0
2014-05-17,1,6,5,2,1
2014-05-18,1,7,5,2,1
2014-05-19,49543.7,1,5,2,0
2014-05-20,48984.05,2,5,2,0
2014-05-21,49679,3,5,2,0
2014-05-22,47463.26,4,5,2,0
2014-05-23,45795.5,5,5,2,0
2014-05-24,1,6,5,2,1
2014-05-25,1,7,5,2,1
2014-05-26,48497.9,1,5,2,0
2014-05-27,49616,2,5,2,0
2014-05-28,50132.55,3,5,2,0
2014-05-29,48279.8,4,5,2,0
2014-05-30,41396.6,5,5,2,0
2014-05-31,1,6,5,2,1
2014-06-01,1,7,6,2,1
2014-06-02,860.5,1,6,2,0
2014-06-03,47115.3,2,6,2,0
2014-06-04,52986.25,3,6,2,0
2014-06-05,52144.6,4,6,2,0
2014-06-06,50901.45,5,6,2,0
2014-06-07,1,6,6,2,1
2014-06-08,1,7,6,2,1
2014-06-09,52547.9,1,6,2,0
2014-06-10,55900.8,2,6,2,0
2014-06-11,57678.65,3,6,2,0
2014-06-12,50007.1,4,6,2,0
2014-06-13,47096.05,5,6,2,0
2014-06-14,1,6,6,2,1
2014-06-15,1,7,6,2,1
2014-06-16,53171.05,1,6,2,0
2014-06-17,51365.4,2,6,2,0
2014-06-18,47290.7,3,6,2,0
2014-06-19,48856,4,6,2,0
2014-06-20,45983.2,5,6,2,0
2014-06-21,1,6,6,2,1
2014-06-22,1,7,6,2,1
2014-06-23,48958.85,1,6,2,0
2014-06-24,48292.5,2,6,2,0
2014-06-25,48296.2,3,6,2,0
2014-06-26,45104.1,4,6,2,0
2014-06-27,45486.7,5,6,2,0
2014-06-28,1,6,6,2,1
2014-06-29,1,7,6,2,1
2014-06-30,50156.3,1,6,2,0
2014-07-01,53798.8,2,7,3,0
2014-07-02,51580.65,3,7,3,0
2014-07-03,50717.2,4,7,3,0
2014-07-04,47688.41,5,7,3,0
2014-07-05,1,6,7,3,1
2014-07-06,1,7,7,3,1
2014-07-07,52484.75,1,7,3,0
2014-07-08,52313.6,2,7,3,0
2014-07-09,52679.45,3,7,3,0
2014-07-10,75022.2,4,7,3,0
2014-07-11,67911.1,5,7,3,0
2014-07-12,1,6,7,3,1
2014-07-13,1,7,7,3,1
2014-07-14,49721.75,1,7,3,0
2014-07-15,51895.75,2,7,3,0
2014-07-16,56263.5,3,7,3,0
2014-07-17,51035.1,4,7,3,0
2014-07-18,49541.35,5,7,3,0
2014-07-19,1,6,7,3,1
2014-07-20,1,7,7,3,1
2014-07-21,53211.15,1,7,3,0
2014-07-22,50926.85,2,7,3,0
2014-07-23,49679.7,3,7,3,0
2014-07-24,49987.25,4,7,3,0
2014-07-25,44409.25,5,7,3,0
2014-07-26,1,6,7,3,1
2014-07-27,1,7,7,3,1
2014-07-28,50950.65,1,7,3,0
2014-07-29,53166.25,2,7,3,0
2014-07-30,46626.3,3,7,3,0
2014-07-31,49977.95,4,7,3,0
2014-08-01,48725.65,5,8,3,0
2014-08-02,1,6,8,3,1
2014-08-03,1,7,8,3,1
2014-08-04,57126.25,1,8,3,0
2014-08-05,51658.6,2,8,3,0
2014-08-06,53456,3,8,3,0
2014-08-07,51996.9,4,8,3,0
2014-08-08,45846.75,5,8,3,0
2014-08-09,1,6,8,3,1
2014-08-10,1,7,8,3,1
2014-08-11,52625.6,1,8,3,0
2014-08-12,53441.3,2,8,3,0
2014-08-13,57526.8,3,8,3,0
2014-08-14,53882.5,4,8,3,0
2014-08-15,51466.3,5,8,3,0
2014-08-16,1,6,8,3,1
2014-08-17,1,7,8,3,1
2014-08-18,53430.4,1,8,3,0
2014-08-19,52141.6,2,8,3,0
2014-08-20,51262.25,3,8,3,0
2014-08-21,50700.5,4,8,3,0
2014-08-22,46175.5,5,8,3,0
2014-08-23,1,6,8,3,1
2014-08-24,1,7,8,3,1
2014-08-25,53456.1,1,8,3,0
2014-08-26,50566.15,2,8,3,0
2014-08-27,49192.4,3,8,3,0
2014-08-28,49766.8,4,8,3,0
2014-08-29,51564.3,5,8,3,0
2014-08-30,1,6,8,3,1
2014-08-31,1,7,8,3,1
2014-09-01,52144.3,1,9,3,0
2014-09-02,54622.6,2,9,3,0
2014-09-03,52411.75,3,9,3,0
2014-09-04,49240.4,4,9,3,0
2014-09-05,45452.8,5,9,3,0
2014-09-06,1,6,9,3,1
2014-09-07,1,7,9,3,1
2014-09-08,1,1,9,3,1
2014-09-09,47439.5,2,9,3,0
2014-09-10,46054.75,3,9,3,0
2014-09-11,50251.55,4,9,3,0
2014-09-12,49239.1,5,9,3,0
2014-09-13,1,6,9,3,1
2014-09-14,1,7,9,3,1
2014-09-15,51024.2,1,9,3,0
2014-09-16,51067,2,9,3,0
2014-09-17,60329.53,3,9,3,0
2014-09-18,57681.1,4,9,3,0
2014-09-19,52642.1,5,9,3,0
2014-09-20,1,6,9,3,1
2014-09-21,1,7,9,3,1
2014-09-22,49711.65,1,9,3,0
2014-09-23,51406.2,2,9,3,0
2014-09-24,48849.2,3,9,3,0
2014-09-25,49421.2,4,9,3,0
2014-09-26,47153.2,5,9,3,0
2014-09-27,1,6,9,3,1
2014-09-28,40840.6,7,9,3,0
2014-09-29,42099,1,9,3,0
2014-09-30,33439,2,9,3,0
2014-10-01,1,3,10,4,1
2014-10-02,1,4,10,4,1
2014-10-03,1,5,10,4,1
2014-10-04,1,6,10,4,1
2014-10-05,1,7,10,4,1
2014-10-06,1,1,10,4,1
2014-10-07,1,2,10,4,1
2014-10-08,42648.6,3,10,4,0
2014-10-09,46070.05,4,10,4,0
2014-10-10,43573,5,10,4,0
2014-10-11,39058.1,6,10,4,0
2014-10-12,1,7,10,4,1
2014-10-13,44363.55,1,10,4,0
2014-10-14,50834,2,10,4,0
2014-10-15,50855.8,3,10,4,0
2014-10-16,50480.2,4,10,4,0
2014-10-17,47743.3,5,10,4,0
2014-10-18,1,6,10,4,1
2014-10-19,1,7,10,4,1
2014-10-20,38988.5,1,10,4,0
2014-10-21,38029.05,2,10,4,0
2014-10-22,52702,3,10,4,0
2014-10-23,51493.4,4,10,4,0
2014-10-24,49346.7,5,10,4,0
2014-10-25,1,6,10,4,1
2014-10-26,1,7,10,4,1
2014-10-27,52054,1,10,4,0
2014-10-28,49717.45,2,10,4,0
2014-10-29,49722.95,3,10,4,0
2014-10-30,47894.7,4,10,4,0
2014-10-31,46463.85,5,10,4,0
2014-11-01,1,6,11,4,1
2014-11-02,1,7,11,4,1
2014-11-03,50894.63,1,11,4,0
2014-11-04,50777.4,2,11,4,0
2014-11-05,51863,3,11,4,0
2014-11-06,52091.8,4,11,4,0
2014-11-07,45029.07,5,11,4,0
2014-11-08,1,6,11,4,1
2014-11-09,1,7,11,4,1
2014-11-10,47932.85,1,11,4,0
2014-11-11,48533.3,2,11,4,0
2014-11-12,49820.8,3,11,4,0
2014-11-13,49489,4,11,4,0
2014-11-14,47351.1,5,11,4,0
2014-11-15,1,6,11,4,1
2014-11-16,1,7,11,4,1
2014-11-17,51236.7,1,11,4,0
2014-11-18,56687.25,2,11,4,0
2014-11-19,49784.2,3,11,4,0
2014-11-20,47710.8,4,11,4,0
2014-11-21,46025.8,5,11,4,0
2014-11-22,1,6,11,4,1
2014-11-23,1,7,11,4,1
2014-11-24,48369.75,1,11,4,0
2014-11-25,49643.1,2,11,4,0
2014-11-26,46668.4,3,11,4,0
2014-11-27,46021,4,11,4,0
2014-11-28,40704.4,5,11,4,0
2014-11-29,1,6,11,4,1
2014-11-30,1,7,11,4,1
2014-12-01,51583,1,12,4,0
2014-12-02,53035.05,2,12,4,0
2014-12-03,53175.95,3,12,4,0
2014-12-04,55225.3,4,12,4,0
2014-12-05,47981.7,5,12,4,0
2014-12-06,1,6,12,4,1
2014-12-07,1,7,12,4,1
2014-12-08,49489.2,1,12,4,0
2014-12-09,54347.25,2,12,4,0
2014-12-10,54426.15,3,12,4,0
2014-12-11,55270.91,4,12,4,0
2014-12-12,48985.9,5,12,4,0
2014-12-13,1,6,12,4,1
2014-12-14,1,7,12,4,1
2014-12-15,50808.2,1,12,4,0
2014-12-16,54211.6,2,12,4,0
2014-12-17,50563.8,3,12,4,0
2014-12-18,55047.3,4,12,4,0
2014-12-19,46156.1,5,12,4,0
2014-12-20,1,6,12,4,1
2014-12-21,1,7,12,4,1
2014-12-22,47195.95,1,12,4,0
2014-12-23,47071.5,2,12,4,0
2014-12-24,47215.9,3,12,4,0
2014-12-25,44275.96,4,12,4,0
2014-12-26,42283.25,5,12,4,0
2014-12-27,1,6,12,4,1
2014-12-28,1,7,12,4,1
2014-12-29,74300,1,12,4,0
2014-12-30,68619.7,2,12,4,0
2014-12-31,35617.67,3,12,4,0
2015-01-01,1,4,1,1,1
2015-01-02,1,5,1,1,1
2015-01-03,1,6,1,1,1
2015-01-04,43218.2,7,1,1,0
2015-01-05,53009.5,1,1,1,0
2015-01-06,52007.1,2,1,1,0
2015-01-07,52321.9,3,1,1,0
2015-01-08,54523.8,4,1,1,0
2015-01-09,44170.1,5,1,1,0
2015-01-10,1,6,1,1,1
2015-01-11,1,7,1,1,1
2015-01-12,54455.6,1,1,1,0
2015-01-13,52701.1,2,1,1,0
2015-01-14,54221.4,3,1,1,0
2015-01-15,53123.7,4,1,1,0
2015-01-16,53898.55,5,1,1,0
2015-01-17,1,6,1,1,1
2015-01-18,1,7,1,1,1
2015-01-19,54177.4,1,1,1,0
2015-01-20,54768.2,2,1,1,0
2015-01-21,55196.6,3,1,1,0
2015-01-22,54145.6,4,1,1,0
2015-01-23,51200.5,5,1,1,0
2015-01-24,1,6,1,1,1
2015-01-25,1,7,1,1,1
2015-01-26,51989.35,1,1,1,0
2015-01-27,52295.4,2,1,1,0
2015-01-28,52386.4,3,1,1,0
2015-01-29,51784.95,4,1,1,0
2015-01-30,46892.35,5,1,1,0
2015-01-31,1,6,1,1,1
2015-02-01,1,7,2,1,1
2015-02-02,52071.5,1,2,1,0
2015-02-03,50597.6,2,2,1,0
2015-02-04,51489.7,3,2,1,0
2015-02-05,109724.2,4,2,1,0
2015-02-06,73972.3,5,2,1,0
2015-02-07,1,6,2,1,1
2015-02-08,1,7,2,1,1
2015-02-09,50350.75,1,2,1,0
2015-02-10,51653.5,2,2,1,0
2015-02-11,45878.5,3,2,1,0
2015-02-12,45124.4,4,2,1,0
2015-02-13,40635.05,5,2,1,0
2015-02-14,1,6,2,1,1
2015-02-15,24297.9,7,2,1,0
2015-02-16,23335,1,2,1,0
2015-02-17,8466.8,2,2,1,0
2015-02-18,1,3,2,1,1
2015-02-19,1,4,2,1,1
2015-02-20,1,5,2,1,1
2015-02-21,1,6,2,1,1
2015-02-22,1,7,2,1,1
2015-02-23,1,1,2,1,1
2015-02-24,1,2,2,1,1
2015-02-25,24349.7,3,2,1,0
2015-02-26,31930.33,4,2,1,0
2015-02-27,35287.9,5,2,1,0
2015-02-28,32329.4,6,2,1,0
2015-03-01,1571,7,3,1,0
2015-03-02,46454.8,1,3,1,0
2015-03-03,46904.3,2,3,1,0
2015-03-04,48186.7,3,3,1,0
2015-03-05,44990.8,4,3,1,0
2015-03-06,50623.8,5,3,1,0
2015-03-07,1,6,3,1,1
2015-03-08,1,7,3,1,1
2015-03-09,48593.8,1,3,1,0
2015-03-10,47224.75,2,3,1,0
2015-03-11,49244.9,3,3,1,0
2015-03-12,47317.2,4,3,1,0
2015-03-13,44908.98,5,3,1,0
2015-03-14,1,6,3,1,1
2015-03-15,1,7,3,1,1
2015-03-16,46970.95,1,3,1,0
2015-03-17,45924.4,2,3,1,0
2015-03-18,47957.7,3,3,1,0
2015-03-19,47994.55,4,3,1,0
2015-03-20,46536,5,3,1,0
2015-03-21,1,6,3,1,1
2015-03-22,1,7,3,1,1
2015-03-23,47364.9,1,3,1,0
2015-03-24,47184.8,2,3,1,0
2015-03-25,44855.57,3,3,1,0
2015-03-26,45340.05,4,3,1,0
2015-03-27,45454.35,5,3,1,0
2015-03-28,1,6,3,1,1
2015-03-29,1,7,3,1,1
2015-03-30,47396,1,3,1,0
2015-03-31,48805.1,2,3,1,0
2015-04-01,49304.9,3,4,2,0
2015-04-02,50556.4,4,4,2,0
2015-04-03,45859.45,5,4,2,0
2015-04-04,1,6,4,2,1
2015-04-05,1,7,4,2,1
2015-04-06,1,1,4,2,1
2015-04-07,49172.6,2,4,2,0
2015-04-08,46480.6,3,4,2,0
2015-04-09,51920.75,4,4,2,0
2015-04-10,47445,5,4,2,0
2015-04-11,1,6,4,2,1
2015-04-12,1,7,4,2,1
2015-04-13,48178.25,1,4,2,0
2015-04-14,51025.7,2,4,2,0
2015-04-15,47413.6,3,4,2,0
2015-04-16,48751.85,4,4,2,0
2015-04-17,44363.3,5,4,2,0
2015-04-18,1,6,4,2,1
2015-04-19,1,7,4,2,1
2015-04-20,49498.15,1,4,2,0
2015-04-21,48507.2,2,4,2,0
2015-04-22,46672.7,3,4,2,0
2015-04-23,46951.2,4,4,2,0
2015-04-24,41922.3,5,4,2,0
2015-04-25,1,6,4,2,1
2015-04-26,1,7,4,2,1
2015-04-27,49271.03,1,4,2,0
2015-04-28,47439.6,2,4,2,0
2015-04-29,45030.7,3,4,2,0
2015-04-30,43030.65,4,4,2,0
2015-05-01,1,5,5,2,1
2015-05-02,1,6,5,2,1
2015-05-03,1,7,5,2,1
2015-05-04,43668.2,1,5,2,0
2015-05-05,49788.2,2,5,2,0
2015-05-06,49369.2,3,5,2,0
2015-05-07,49183.55,4,5,2,0
2015-05-08,48127.45,5,5,2,0
2015-05-09,1,6,5,2,1
2015-05-10,1,7,5,2,1
2015-05-11,50885.4,1,5,2,0
2015-05-12,52785.4,2,5,2,0
2015-05-13,51184.25,3,5,2,0
2015-05-14,47846,4,5,2,0
2015-05-15,46340.25,5,5,2,0
2015-05-16,1,6,5,2,1
2015-05-17,1,7,5,2,1
2015-05-18,53354.1,1,5,2,0
2015-05-19,50872.85,2,5,2,0
2015-05-20,48156.55,3,5,2,0
2015-05-21,48065.85,4,5,2,0
2015-05-22,41997.1,5,5,2,0
2015-05-23,1,6,5,2,1
2015-05-24,1,7,5,2,1
2015-05-25,51115.35,1,5,2,0
2015-05-26,51634.65,2,5,2,0
2015-05-27,51962,3,5,2,0
2015-05-28,51683.2,4,5,2,0
2015-05-29,42207.85,5,5,2,0
2015-05-30,1,6,5,2,1
2015-05-31,1,7,5,2,1
2015-06-01,50849.7,1,6,2,0
2015-06-02,53347.75,2,6,2,0
2015-06-03,52157.56,3,6,2,0
2015-06-04,53550.6,4,6,2,0
2015-06-05,49201.4,5,6,2,0
2015-06-06,1,6,6,2,1
2015-06-07,1,7,6,2,1
2015-06-08,54283.3,1,6,2,0
2015-06-09,55188.1,2,6,2,0
2015-06-10,55861.7,3,6,2,0
2015-06-11,51684.3,4,6,2,0
2015-06-12,50017.9,5,6,2,0
2015-06-13,1,6,6,2,1
2015-06-14,1,7,6,2,1
2015-06-15,50681,1,6,2,0
2015-06-16,51871.2,2,6,2,0
2015-06-17,52467.5,3,6,2,0
2015-06-18,50807.4,4,6,2,0
2015-06-19,46362.65,5,6,2,0
2015-06-20,1,6,6,2,1
2015-06-21,1,7,6,2,1
2015-06-22,1,1,6,2,1
2015-06-23,51611.35,2,6,2,0
2015-06-24,61301.2,3,6,2,0
2015-06-25,46227,4,6,2,0
2015-06-26,48125.35,5,6,2,0
2015-06-27,1,6,6,2,1
2015-06-28,1,7,6,2,1
2015-06-29,58224,1,6,2,0
2015-06-30,49780.3,2,6,2,0
2015-07-01,53960.1,3,7,3,0
2015-07-02,53986.1,4,7,3,0
2015-07-03,49961.33,5,7,3,0
2015-07-04,1,6,7,3,1
2015-07-05,1,7,7,3,1
2015-07-06,52947.55,1,7,3,0
2015-07-07,53574.4,2,7,3,0
2015-07-08,53133.9,3,7,3,0
2015-07-09,54568.22,4,7,3,0
2015-07-10,50817.6,5,7,3,0
2015-07-11,1,6,7,3,1
2015-07-12,1,7,7,3,1
2015-07-13,57498.1,1,7,3,0
2015-07-14,57074.8,2,7,3,0
2015-07-15,57132.05,3,7,3,0
2015-07-16,54616.05,4,7,3,0
2015-07-17,53326.2,5,7,3,0
2015-07-18,1,6,7,3,1
2015-07-19,1,7,7,3,1
2015-07-20,59837.7,1,7,3,0
2015-07-21,55693.1,2,7,3,0
2015-07-22,56430.8,3,7,3,0
2015-07-23,55346.95,4,7,3,0
2015-07-24,51713.7,5,7,3,0
2015-07-25,1,6,7,3,1
2015-07-26,1,7,7,3,1
2015-07-27,53470.9,1,7,3,0
2015-07-28,54508.3,2,7,3,0
2015-07-29,56130.1,3,7,3,0
2015-07-30,57055.3,4,7,3,0
2015-07-31,49778.8,5,7,3,0
2015-08-01,1,6,8,3,1
2015-08-02,1,7,8,3,1
2015-08-03,57707,1,8,3,0
2015-08-04,58114.85,2,8,3,0
2015-08-05,57936.56,3,8,3,0
2015-08-06,58144.85,4,8,3,0
2015-08-07,55929.9,5,8,3,0
2015-08-08,1,6,8,3,1
2015-08-09,1,7,8,3,1
2015-08-10,55816.1,1,8,3,0
2015-08-11,54047.95,2,8,3,0
2015-08-12,56093.6,3,8,3,0
2015-08-13,57387.5,4,8,3,0
2015-08-14,53780.15,5,8,3,0
2015-08-15,1,6,8,3,1
2015-08-16,1,7,8,3,1
2015-08-17,55892.4,1,8,3,0
2015-08-18,55014.6,2,8,3,0
2015-08-19,55750.7,3,8,3,0
2015-08-20,53569.7,4,8,3,0
2015-08-21,61766.3,5,8,3,0
2015-08-22,1,6,8,3,1
2015-08-23,1,7,8,3,1
2015-08-24,55234.2,1,8,3,0
2015-08-25,57058,2,8,3,0
2015-08-26,58217.2,3,8,3,0
2015-08-27,58415.45,4,8,3,0
2015-08-28,53912.45,5,8,3,0
2015-08-29,1,6,8,3,1
2015-08-30,1,7,8,3,1
2015-08-31,54792.6,1,8,3,0
2015-09-01,59095.7,2,9,3,0
2015-09-02,47392.05,3,9,3,0
2015-09-03,1,4,9,3,1
2015-09-04,1,5,9,3,1
2015-09-05,1,6,9,3,1
2015-09-06,48821.3,7,9,3,0
2015-09-07,53400.85,1,9,3,0
2015-09-08,52974,2,9,3,0
2015-09-09,53781.2,3,9,3,0
2015-09-10,57908.2,4,9,3,0
2015-09-11,49530.9,5,9,3,0
2015-09-12,1,6,9,3,1
2015-09-13,1,7,9,3,1
2015-09-14,34010.2,1,9,3,0
2015-09-15,35302.25,2,9,3,0
2015-09-16,37273.5,3,9,3,0
2015-09-17,50607.6,4,9,3,0
2015-09-18,42275.65,5,9,3,0
2015-09-19,1,6,9,3,1
2015-09-20,1,7,9,3,1
2015-09-21,48528.25,1,9,3,0
2015-09-22,48243.5,2,9,3,0
2015-09-23,52135.2,3,9,3,0
2015-09-24,51726.75,4,9,3,0
2015-09-25,43390,5,9,3,0
2015-09-26,1,6,9,3,1
2015-09-27,1,7,9,3,1
2015-09-28,41933.4,1,9,3,0
2015-09-29,40399.2,2,9,3,0
2015-09-30,32181.2,3,9,3,0
2015-10-01,1,4,10,4,1
2015-10-02,1,5,10,4,1
2015-10-03,1,6,10,4,1
2015-10-04,1,7,10,4,1
2015-10-05,1,1,10,4,1
2015-10-06,1,2,10,4,1
2015-10-07,1,3,10,4,1
2015-10-08,39966.9,4,10,4,0
2015-10-09,44347.75,5,10,4,0
2015-10-10,41579.7,6,10,4,0
2015-10-11,1,7,10,4,1
2015-10-12,49042.7,1,10,4,0
2015-10-13,51946.1,2,10,4,0
2015-10-14,49545.7,3,10,4,0
2015-10-15,49541.1,4,10,4,0
2015-10-16,46686.6,5,10,4,0
2015-10-17,1,6,10,4,1
2015-10-18,1,7,10,4,1
2015-10-19,48447.9,1,10,4,0
2015-10-20,54477.35,2,10,4,0
2015-10-21,51052.1,3,10,4,0
2015-10-22,49958.6,4,10,4,0
2015-10-23,45665.5,5,10,4,0
2015-10-24,1,6,10,4,1
2015-10-25,1,7,10,4,1
2015-10-26,49097.1,1,10,4,0
2015-10-27,49190.6,2,10,4,0
2015-10-28,47448.59,3,10,4,0
2015-10-29,48765.75,4,10,4,0
2015-10-30,47274.5,5,10,4,0
2015-10-31,1,6,10,4,1
2015-11-01,1,7,11,4,1
2015-11-02,48683.2,1,11,4,0
2015-11-03,47837.55,2,11,4,0
2015-11-04,49565.9,3,11,4,0
2015-11-05,52836.9,4,11,4,0
2015-11-06,47026.6,5,11,4,0
2015-11-07,1,6,11,4,1
2015-11-08,1,7,11,4,1
2015-11-09,51826.1,1,11,4,0
2015-11-10,55205.05,2,11,4,0
2015-11-11,55016.4,3,11,4,0
2015-11-12,54531.25,4,11,4,0
2015-11-13,51843.3,5,11,4,0
2015-11-14,1,6,11,4,1
2015-11-15,1,7,11,4,1
2015-11-16,53678.75,1,11,4,0
2015-11-17,53519.5,2,11,4,0
2015-11-18,56826.5,3,11,4,0
2015-11-19,57748.1,4,11,4,0
2015-11-20,49282.9,5,11,4,0
2015-11-21,1,6,11,4,1
2015-11-22,1,7,11,4,1
2015-11-23,53602.1,1,11,4,0
2015-11-24,50168.6,2,11,4,0
2015-11-25,56773.6,3,11,4,0
2015-11-26,57306.6,4,11,4,0
2015-11-27,52983.29,5,11,4,0
2015-11-28,1,6,11,4,1
2015-11-29,1,7,11,4,1
2015-11-30,56267.8,1,11,4,0
2015-12-01,56174.85,2,12,4,0
2015-12-02,50502.3,3,12,4,0
2015-12-03,51844.8,4,12,4,0
2015-12-04,50060.6,5,12,4,0
2015-12-05,1,6,12,4,1
2015-12-06,1,7,12,4,1
2015-12-07,50846.9,1,12,4,0
2015-12-08,53363,2,12,4,0
2015-12-09,51402.1,3,12,4,0
2015-12-10,48427.81,4,12,4,0
2015-12-11,47324.2,5,12,4,0
2015-12-12,1,6,12,4,1
2015-12-13,1,7,12,4,1
2015-12-14,50637.5,1,12,4,0
2015-12-15,52057.2,2,12,4,0
2015-12-16,51625.3,3,12,4,0
2015-12-17,54506.4,4,12,4,0
2015-12-18,44325.2,5,12,4,0
2015-12-19,1,6,12,4,1
2015-12-20,1,7,12,4,1
2015-12-21,48062.2,1,12,4,0
2015-12-22,43221.35,2,12,4,0
2015-12-23,51063.94,3,12,4,0
2015-12-24,45627.4,4,12,4,0
2015-12-25,45699,5,12,4,0
2015-12-26,1,6,12,4,1
2015-12-27,1,7,12,4,1
2015-12-28,48993.95,1,12,4,0
2015-12-29,45938.2,2,12,4,0
2015-12-30,42548.6,3,12,4,0
2015-12-31,36182.8,4,12,4,0
2016-01-01,1,5,1,1,1
2016-01-02,1,6,1,1,1
2016-01-03,1,7,1,1,1
2016-01-04,49734.95,1,1,1,0
2016-01-05,54126.2,2,1,1,0
2016-01-06,50601.7,3,1,1,0
2016-01-07,54212.8,4,1,1,0
2016-01-08,50211.3,5,1,1,0
2016-01-09,1,6,1,1,1
2016-01-10,1,7,1,1,1
2016-01-11,53676,1,1,1,0
2016-01-12,52040.8,2,1,1,0
2016-01-13,52432.75,3,1,1,0
2016-01-14,54925.25,4,1,1,0
2016-01-15,49752,5,1,1,0
2016-01-16,1,6,1,1,1
2016-01-17,1,7,1,1,1
2016-01-18,53264.2,1,1,1,0
2016-01-19,53713.05,2,1,1,0
2016-01-20,91178.8,3,1,1,0
2016-01-21,82082.25,4,1,1,0
2016-01-22,71490.15,5,1,1,0
2016-01-23,1,6,1,1,1
2016-01-24,1,7,1,1,1
2016-01-25,53155.45,1,1,1,0
2016-01-26,53302.25,2,1,1,0
2016-01-27,52451.2,3,1,1,0
2016-01-28,54544.3,4,1,1,0
2016-01-29,46586.75,5,1,1,0
2016-01-30,1,6,1,1,1
2016-01-31,1,7,1,1,1
2016-02-01,50101,1,2,1,0
2016-02-02,45555.7,2,2,1,0
2016-02-03,41852.5,3,2,1,0
2016-02-04,34372.55,4,2,1,0
2016-02-05,22666.7,5,2,1,0
2016-02-06,6598.6,6,2,1,0
2016-02-07,1,7,2,1,1
2016-02-08,1,1,2,1,1
2016-02-09,1,2,2,1,1
2016-02-10,1,3,2,1,1
2016-02-11,1,4,2,1,1
2016-02-12,1,5,2,1,1
2016-02-13,1,6,2,1,1
2016-02-14,19937.4,7,2,1,0
2016-02-15,35484.7,1,2,1,0
2016-02-16,40057.1,2,2,1,0
2016-02-17,47272.1,3,2,1,0
2016-02-18,48580.7,4,2,1,0
2016-02-19,47602.4,5,2,1,0
2016-02-20,1,6,2,1,1
2016-02-21,1,7,2,1,1
2016-02-22,46872.3,1,2,1,0
2016-02-23,52396.6,2,2,1,0
2016-02-24,52595.6,3,2,1,0
2016-02-25,54351.05,4,2,1,0
2016-02-26,50387.64,5,2,1,0
2016-02-27,1,6,2,1,1
2016-02-28,1,7,2,1,1
2016-02-29,54290.4,1,2,1,0
2016-03-01,52194.1,2,3,1,0
2016-03-02,51649.5,3,3,1,0
2016-03-03,52564.25,4,3,1,0
2016-03-04,48597.35,5,3,1,0
2016-03-05,1,6,3,1,1
2016-03-06,1,7,3,1,1
2016-03-07,49056.2,1,3,1,0
2016-03-08,46679.5,2,3,1,0
2016-03-09,55754.35,3,3,1,0
2016-03-10,51295.3,4,3,1,0
2016-03-11,46510.4,5,3,1,0
2016-03-12,1,6,3,1,1
2016-03-13,1,7,3,1,1
2016-03-14,52008.05,1,3,1,0
2016-03-15,52687.05,2,3,1,0
2016-03-16,51108.55,3,3,1,0
2016-03-17,51046.35,4,3,1,0
2016-03-18,48862.9,5,3,1,0
2016-03-19,1,6,3,1,1
2016-03-20,1,7,3,1,1
2016-03-21,51425.55,1,3,1,0
2016-03-22,53986.3,2,3,1,0
2016-03-23,51967.4,3,3,1,0
2016-03-24,49168.9,4,3,1,0
2016-03-25,47303.6,5,3,1,0
2016-03-26,1,6,3,1,1
2016-03-27,1,7,3,1,1
2016-03-28,49828.5,1,3,1,0
2016-03-29,53522.5,2,3,1,0
2016-03-30,50909.7,3,3,1,0
2016-03-31,51856.05,4,3,1,0
2016-04-01,44120.4,5,4,2,0
2016-04-02,1,6,4,2,1
2016-04-03,1,7,4,2,1
2016-04-04,1,1,4,2,1
2016-04-05,50331.65,2,4,2,0
2016-04-06,53072.6,3,4,2,0
2016-04-07,51730.55,4,4,2,0
2016-04-08,57235.45,5,4,2,0
2016-04-09,1,6,4,2,1
2016-04-10,1,7,4,2,1
2016-04-11,51895.9,1,4,2,0
2016-04-12,50686.3,2,4,2,0
2016-04-13,52090.6,3,4,2,0
2016-04-14,50078.15,4,4,2,0
2016-04-15,44741,5,4,2,0
2016-04-16,1,6,4,2,1
2016-04-17,1,7,4,2,1
2016-04-18,48127.6,1,4,2,0
2016-04-19,51354.35,2,4,2,0
2016-04-20,53938,3,4,2,0
2016-04-21,55816.4,4,4,2,0
2016-04-22,50631.7,5,4,2,0
2016-04-23,1,6,4,2,1
2016-04-24,1,7,4,2,1
2016-04-25,53125.19,1,4,2,0
2016-04-26,49304.95,2,4,2,0
2016-04-27,47731.45,3,4,2,0
2016-04-28,51884.85,4,4,2,0
2016-04-29,44139.8,5,4,2,0
2016-04-30,1,6,4,2,1
2016-05-01,1,7,5,2,1
2016-05-02,1,1,5,2,1
2016-05-03,58996.55,2,5,2,0
2016-05-04,62046.23,3,5,2,0
2016-05-05,65332.15,4,5,2,0
2016-05-06,64732,5,5,2,0
2016-05-07,1,6,5,2,1
2016-05-08,1,7,5,2,1
2016-05-09,72068.5,1,5,2,0
2016-05-10,72972.7,2,5,2,0
2016-05-11,69030.74,3,5,2,0
2016-05-12,67124.5,4,5,2,0
2016-05-13,62490,5,5,2,0
2016-05-14,1,6,5,2,1
2016-05-15,1,7,5,2,1
2016-05-16,76726.8,1,5,2,0
2016-05-17,71752.6,2,5,2,0
2016-05-18,75577.76,3,5,2,0
2016-05-19,72374.35,4,5,2,0
2016-05-20,66760.45,5,5,2,0
2016-05-21,1,6,5,2,1
2016-05-22,1,7,5,2,1
2016-05-23,76284.5,1,5,2,0
2016-05-24,69999.15,2,5,2,0
2016-05-25,70567.25,3,5,2,0
2016-05-26,70643.65,4,5,2,0
2016-05-27,65176.8,5,5,2,0
2016-05-28,1,6,5,2,1
2016-05-29,1,7,5,2,1
2016-05-30,72371.3,1,5,2,0
2016-05-31,71530.15,2,5,2,0
2016-06-01,73072.25,3,6,2,0
2016-06-02,72831.3,4,6,2,0
2016-06-03,70015.75,5,6,2,0
2016-06-04,1,6,6,2,1
2016-06-05,1,7,6,2,1
2016-06-06,69505.85,1,6,2,0
2016-06-07,68947.85,2,6,2,0
2016-06-08,60159.9,3,6,2,0
2016-06-09,1,4,6,2,1
2016-06-10,1,5,6,2,1
2016-06-11,1,6,6,2,1
2016-06-12,52599.05,7,6,2,0
2016-06-13,72835.55,1,6,2,0
2016-06-14,71984.1,2,6,2,0
2016-06-15,78186.3,3,6,2,0
2016-06-16,79737.85,4,6,2,0
2016-06-17,65148.6,5,6,2,0
2016-06-18,1,6,6,2,1
2016-06-19,1,7,6,2,1
2016-06-20,75882.36,1,6,2,0
2016-06-21,74056.3,2,6,2,0
2016-06-22,68298.75,3,6,2,0
2016-06-23,70526.15,4,6,2,0
2016-06-24,66322.33,5,6,2,0
2016-06-25,1,6,6,2,1
2016-06-26,1,7,6,2,1
2016-06-27,67379,1,6,2,0
2016-06-28,71461.6,2,6,2,0
2016-06-29,68527.45,3,6,2,0
2016-06-30,68770.15,4,6,2,0
2016-07-01,56796.95,5,7,3,0
2016-07-02,1,6,7,3,1
2016-07-03,1,7,7,3,1
2016-07-04,70296.15,1,7,3,0
2016-07-05,72570.6,2,7,3,0
2016-07-06,68477,3,7,3,0
2016-07-07,76226.9,4,7,3,0
2016-07-08,67270.8,5,7,3,0
2016-07-09,1,6,7,3,1
2016-07-10,1,7,7,3,1
2016-07-11,68455.25,1,7,3,0
2016-07-12,75110.05,2,7,3,0
2016-07-13,68152.75,3,7,3,0
2016-07-14,69613.45,4,7,3,0
2016-07-15,61595.2,5,7,3,0
2016-07-16,1,6,7,3,1
2016-07-17,1,7,7,3,1
2016-07-18,65922.4,1,7,3,0
2016-07-19,69719.6,2,7,3,0
2016-07-20,68418.5,3,7,3,0
2016-07-21,65363.2,4,7,3,0
2016-07-22,62076.95,5,7,3,0
2016-07-23,1,6,7,3,1
2016-07-24,1,7,7,3,1
2016-07-25,66906.1,1,7,3,0
2016-07-26,73195.35,2,7,3,0
2016-07-27,70628.6,3,7,3,0
2016-07-28,70589.85,4,7,3,0
2016-07-29,65480.4,5,7,3,0
2016-07-30,1,6,7,3,1
2016-07-31,1,7,7,3,1
2016-08-01,69452.78,1,8,3,0
2016-08-02,76913.25,2,8,3,0
2016-08-03,76772,3,8,3,0
2016-08-04,75476.5,4,8,3,0
2016-08-05,68324.1,5,8,3,0
2016-08-06,1,6,8,3,1
2016-08-07,1,7,8,3,1
2016-08-08,75838.9,1,8,3,0
2016-08-09,73715.2,2,8,3,0
2016-08-10,71758.1,3,8,3,0
2016-08-11,75942.75,4,8,3,0
2016-08-12,74845.9,5,8,3,0
2016-08-13,1,6,8,3,1
2016-08-14,1,7,8,3,1
2016-08-15,72226.9,1,8,3,0
2016-08-16,78104.3,2,8,3,0
2016-08-17,74568.9,3,8,3,0
2016-08-18,76227.1,4,8,3,0
2016-08-19,67202.33,5,8,3,0
2016-08-20,1,6,8,3,1
2016-08-21,1,7,8,3,1
2016-08-22,75015,1,8,3,0
2016-08-23,73632.05,2,8,3,0
2016-08-24,74434.2,3,8,3,0
2016-08-25,69783.65,4,8,3,0
2016-08-26,65212.6,5,8,3,0
2016-08-27,1,6,8,3,1
2016-08-28,1,7,8,3,1
2016-08-29,76834.2,1,8,3,0
2016-08-30,78434,2,8,3,0
2016-08-31,72851.5,3,8,3,0
2016-09-01,73467.95,4,9,3,0
2016-09-02,70142.4,5,9,3,0
2016-09-03,1,6,9,3,1
2016-09-04,1,7,9,3,1
2016-09-05,65572.67,1,9,3,0
2016-09-06,70571.35,2,9,3,0
2016-09-07,70795.79,3,9,3,0
2016-09-08,74706.1,4,9,3,0
2016-09-09,69588.1,5,9,3,0
2016-09-10,1,6,9,3,1
2016-09-11,1,7,9,3,1
2016-09-12,75197.1,1,9,3,0
2016-09-13,71191.9,2,9,3,0
2016-09-14,66002.18,3,9,3,0
2016-09-15,1,4,9,3,1
2016-09-16,1,5,9,3,1
2016-09-17,1,6,9,3,1
2016-09-18,57501.8,7,9,3,0
2016-09-19,71493.6,1,9,3,0
2016-09-20,67797.9,2,9,3,0
2016-09-21,55525.33,3,9,3,0
2016-09-22,50447.3,4,9,3,0
2016-09-23,48513.95,5,9,3,0
2016-09-24,1,6,9,3,1
2016-09-25,1,7,9,3,1
2016-09-26,75588.1,1,9,3,0
2016-09-27,75093.15,2,9,3,0
2016-09-28,66392.95,3,9,3,0
2016-09-29,59896.4,4,9,3,0
2016-09-30,48667,5,9,3,0
2016-10-01,1,6,10,4,1
2016-10-02,1,7,10,4,1
2016-10-03,1,1,10,4,1
2016-10-04,1,2,10,4,1
2016-10-05,1,3,10,4,1
2016-10-06,1,4,10,4,1
2016-10-07,1,5,10,4,1
2016-10-08,51806.95,6,10,4,0
2016-10-09,55577.95,7,10,4,0
2016-10-10,69361.85,1,10,4,0
2016-10-11,69480.8,2,10,4,0
2016-10-12,69849.15,3,10,4,0
2016-10-13,69089.3,4,10,4,0
2016-10-14,69730.5,5,10,4,0
2016-10-15,1,6,10,4,1
2016-10-16,1,7,10,4,1
2016-10-17,71600.9,1,10,4,0
2016-10-18,75084.7,2,10,4,0
2016-10-19,73587.7,3,10,4,0
2016-10-20,74250.75,4,10,4,0
2016-10-21,68011.05,5,10,4,0
2016-10-22,1,6,10,4,1
2016-10-23,1,7,10,4,1
2016-10-24,76199.4,1,10,4,0
2016-10-25,80113,2,10,4,0
2016-10-26,72693.25,3,10,4,0
2016-10-27,74849.4,4,10,4,0
2016-10-28,66063.45,5,10,4,0
2016-10-29,1,6,10,4,1
2016-10-30,1,7,10,4,1
2016-10-31,76774.35,1,10,4,0
2016-11-01,74179.6,2,11,4,0
2016-11-02,71119.8,3,11,4,0
2016-11-03,69891.35,4,11,4,0
2016-11-04,71498.8,5,11,4,0
2016-11-05,1,6,11,4,1
2016-11-06,1,7,11,4,1
2016-11-07,74799.85,1,11,4,0
2016-11-08,80695.5,2,11,4,0
2016-11-09,75138,3,11,4,0
2016-11-10,79636.2,4,11,4,0
2016-11-11,66731.45,5,11,4,0
2016-11-12,1,6,11,4,1
2016-11-13,1,7,11,4,1
2016-11-14,72157.5,1,11,4,0
2016-11-15,74230.9,2,11,4,0
2016-11-16,67888.05,3,11,4,0
2016-11-17,67972.35,4,11,4,0
2016-11-18,66390.99,5,11,4,0
2016-11-19,1,6,11,4,1
2016-11-20,1,7,11,4,1
2016-11-21,71243,1,11,4,0
2016-11-22,72276.15,2,11,4,0
2016-11-23,75146.65,3,11,4,0
2016-11-24,70010.75,4,11,4,0
2016-11-25,62556.1,5,11,4,0
2016-11-26,1,6,11,4,1
2016-11-27,1,7,11,4,1
2016-11-28,73195.44,1,11,4,0
2016-11-29,78215.55,2,11,4,0
2016-11-30,80209.8,3,11,4,0
2016-12-01,68191.9,4,12,4,0
2016-12-02,62552.85,5,12,4,0
2016-12-03,1,6,12,4,1
2016-12-04,1,7,12,4,1
2016-12-05,75729.75,1,12,4,0
2016-12-06,67358.56,2,12,4,0
2016-12-07,71214.93,3,12,4,0
2016-12-08,68092.73,4,12,4,0
2016-12-09,65556.71,5,12,4,0
2016-12-10,1,6,12,4,1
2016-12-11,1,7,12,4,1
2016-12-12,73808.58,1,12,4,0
2016-12-13,72135.77,2,12,4,0
2016-12-14,72110.06,3,12,4,0
2016-12-15,66679,4,12,4,0
2016-12-16,65345.66,5,12,4,0
2016-12-17,1,6,12,4,1
2016-12-18,1,7,12,4,1
2016-12-19,70574.5,1,12,4,0
2016-12-20,73604.8,2,12,4,0
2016-12-21,83503.26,3,12,4,0
2016-12-22,86302.78,4,12,4,0
2016-12-23,69487.96,5,12,4,0
2016-12-24,1,6,12,4,1
2016-12-25,1,7,12,4,1
2016-12-26,64246.08,1,12,4,0
2016-12-27,62665.35,2,12,4,0
2016-12-28,64116.22,3,12,4,0
2016-12-29,56416.22,4,12,4,0
2016-12-30,47930.92,5,12,4,0
2016-12-31,1,6,12,4,1
2017-01-01,1,7,1,1,1
2017-01-02,1,1,1,1,1
2017-01-03,67569.33,2,1,1,0
2017-01-04,74023.58,3,1,1,0
2017-01-05,71230.32,4,1,1,0
2017-01-06,66929.12,5,1,1,0
2017-01-07,1,6,1,1,1
2017-01-08,1,7,1,1,1
2017-01-09,69439.12,1,1,1,0
2017-01-10,69644.04,2,1,1,0
2017-01-11,67872.07,3,1,1,0
2017-01-12,73407.82,4,1,1,0
2017-01-13,68177.51,5,1,1,0
2017-01-14,1,6,1,1,1
2017-01-15,1,7,1,1,1
2017-01-16,76079.89,1,1,1,0
2017-01-17,70031.89,2,1,1,0
2017-01-18,65918.72,3,1,1,0
2017-01-19,64587.06,4,1,1,0
2017-01-20,60276.32,5,1,1,0
2017-01-21,1,6,1,1,1
2017-01-22,45880.12,7,1,1,0
2017-01-23,53940.67,1,1,1,0
2017-01-24,46725.06,2,1,1,0
2017-01-25,28501.48,3,1,1,0
2017-01-26,12156.08,4,1,1,0
2017-01-27,1,5,1,1,1
2017-01-28,1,6,1,1,1
2017-01-29,1,7,1,1,1
2017-01-30,1,1,1,1,1
2017-01-31,1,2,1,1,1
2017-02-01,1,3,2,1,1
2017-02-02,1,4,2,1,1
2017-02-03,25073.08,5,2,1,0
2017-02-04,28322.28,6,2,1,0
2017-02-05,1,7,2,1,1
2017-02-06,59409.5,1,2,1,0
2017-02-07,62870.24,2,2,1,0
2017-02-08,63714.44,3,2,1,0
2017-02-09,65281.25,4,2,1,0
2017-02-10,61177.62,5,2,1,0
2017-02-11,1,6,2,1,1
2017-02-12,1,7,2,1,1
2017-02-13,67660.2,1,2,1,0
2017-02-14,63941.63,2,2,1,0
2017-02-15,67814.58,3,2,1,0
2017-02-16,64468.72,4,2,1,0
2017-02-17,59066.65,5,2,1,0
2017-02-18,1,6,2,1,1
2017-02-19,1,7,2,1,1
2017-02-20,69329.16,1,2,1,0
2017-02-21,69391.01,2,2,1,0
2017-02-22,67825.04,3,2,1,0
2017-02-23,63884.9,4,2,1,0
2017-02-24,64288.32,5,2,1,0
2017-02-25,1,6,2,1,1
2017-02-26,1,7,2,1,1
2017-02-27,65852,1,2,1,0
2017-02-28,65215.46,2,2,1,0
2017-03-01,67260.16,3,3,1,0
2017-03-02,69234.11,4,3,1,0
2017-03-03,63493.17,5,3,1,0
2017-03-04,1,6,3,1,1
2017-03-05,1,7,3,1,1
2017-03-06,67954.57,1,3,1,0
2017-03-07,67238.82,2,3,1,0
2017-03-08,59848.5,3,3,1,0
2017-03-09,67835.58,4,3,1,0
2017-03-10,63478.57,5,3,1,0
2017-03-11,1,6,3,1,1
2017-03-12,1,7,3,1,1
2017-03-13,66604.49,1,3,1,0
2017-03-14,63976.2,2,3,1,0
2017-03-15,69283.68,3,3,1,0
2017-03-16,64224.23,4,3,1,0
2017-03-17,69619.11,5,3,1,0
2017-03-18,1,6,3,1,1
2017-03-19,1,7,3,1,1
2017-03-20,72051.8,1,3,1,0
2017-03-21,70774.74,2,3,1,0
2017-03-22,69293.99,3,3,1,0
2017-03-23,69010.9,4,3,1,0
2017-03-24,85528.83,5,3,1,0
2017-03-25,1,6,3,1,1
2017-03-26,1,7,3,1,1
2017-03-27,64587.34,1,3,1,0
2017-03-28,67540.64,2,3,1,0
2017-03-29,70157.77,3,3,1,0
2017-03-30,63066.18,4,3,1,0
2017-03-31,61097.96,5,3,1,0
2017-04-01,47483.45,6,4,2,0
2017-04-02,1,7,4,2,1
2017-04-03,1,1,4,2,1
2017-04-04,1,2,4,2,1
2017-04-05,62800.61,3,4,2,0
2017-04-06,67838.25,4,4,2,0
2017-04-07,60187.8,5,4,2,0
2017-04-08,1,6,4,2,1
2017-04-09,1,7,4,2,1
2017-04-10,68614.25,1,4,2,0
2017-04-11,68639.48,2,4,2,0
2017-04-12,70881.22,3,4,2,0
2017-04-13,65907.54,4,4,2,0
2017-04-14,67726.24,5,4,2,0
2017-04-15,1,6,4,2,1
2017-04-16,1,7,4,2,1
2017-04-17,69354.3,1,4,2,0
2017-04-18,69746.69,2,4,2,0
2017-04-19,75630.5,3,4,2,0
2017-04-20,64739.05,4,4,2,0
2017-04-21,58355.6,5,4,2,0
2017-04-22,1,6,4,2,1
2017-04-23,1,7,4,2,1
2017-04-24,70627.36,1,4,2,0
2017-04-25,70927.35,2,4,2,0
2017-04-26,62826.33,3,4,2,0
2017-04-27,62618.66,4,4,2,0
2017-04-28,54889.8,5,4,2,0
2017-04-29,1,6,4,2,1
2017-04-30,1,7,4,2,1
2017-05-01,1,1,5,2,1
2017-05-02,65258.2,2,5,2,0
2017-05-03,65673.84,3,5,2,0
2017-05-04,71849.58,4,5,2,0
2017-05-05,70671.76,5,5,2,0
2017-05-06,1,6,5,2,1
2017-05-07,1,7,5,2,1
2017-05-08,66328.7,1,5,2,0
2017-05-09,67042.2,2,5,2,0
2017-05-10,67837.2,3,5,2,0
2017-05-11,66974.8,4,5,2,0
2017-05-12,64995.35,5,5,2,0
2017-05-13,45.38,6,5,2,0
2017-05-14,1,7,5,2,1
2017-05-15,73505.17,1,5,2,0
2017-05-16,69942.52,2,5,2,0
2017-05-17,73014.1,3,5,2,0
2017-05-18,66750,4,5,2,0
2017-05-19,62040.2,5,5,2,0
2017-05-20,1,6,5,2,1
2017-05-21,1,7,5,2,1
2017-05-22,70128.3,1,5,2,0
2017-05-23,61665.35,2,5,2,0
2017-05-24,64160.65,3,5,2,0
2017-05-25,63513.74,4,5,2,0
2017-05-26,64377.8,5,5,2,0
2017-05-27,53098.3,6,5,2,0
2017-05-28,1,7,5,2,1
2017-05-29,1,1,5,2,1
2017-05-30,1,2,5,2,1
2017-05-31,59731.4,3,5,2,0
2017-06-01,61794.65,4,6,2,0
2017-06-02,59451.51,5,6,2,0
2017-06-03,1,6,6,2,1
2017-06-04,1,7,6,2,1
2017-06-05,74850.42,1,6,2,0
2017-06-06,72957.72,2,6,2,0
2017-06-07,66435.06,3,6,2,0
2017-06-08,63874.29,4,6,2,0
2017-06-09,62047.73,5,6,2,0
2017-06-10,1,6,6,2,1
2017-06-11,1,7,6,2,1
2017-06-12,72779.85,1,6,2,0
2017-06-13,67335.41,2,6,2,0
2017-06-14,70301.76,3,6,2,0
2017-06-15,71767.87,4,6,2,0
2017-06-16,75783.56,5,6,2,0
2017-06-17,1,6,6,2,1
2017-06-18,1,7,6,2,1
2017-06-19,71704.42,1,6,2,0
2017-06-20,72268.98,2,6,2,0
2017-06-21,69959.11,3,6,2,0
2017-06-22,68460.22,4,6,2,0
2017-06-23,67502.43,5,6,2,0
2017-06-24,1,6,6,2,1
2017-06-25,1,7,6,2,1
2017-06-26,76026.28,1,6,2,0
2017-06-27,69895.65,2,6,2,0
2017-06-28,76671.3,3,6,2,0
2017-06-29,71709.01,4,6,2,0
2017-06-30,69653.5,5,6,2,0
2017-07-01,1,6,7,3,1
2017-07-02,1,7,7,3,1
2017-07-03,75249,1,7,3,0
2017-07-04,75348.12,2,7,3,0
2017-07-05,68404.6,3,7,3,0
2017-07-06,70436.28,4,7,3,0
2017-07-07,66012.99,5,7,3,0
2017-07-08,1,6,7,3,1
2017-07-09,1,7,7,3,1
2017-07-10,75032.31,1,7,3,0
2017-07-11,77784.88,2,7,3,0
2017-07-12,72647.18,3,7,3,0
2017-07-13,74594.09,4,7,3,0
2017-07-14,75390.16,5,7,3,0
2017-07-15,1,6,7,3,1
2017-07-16,1,7,7,3,1
2017-07-17,67005.46,1,7,3,0
2017-07-18,65866.12,2,7,3,0
2017-07-19,67600.36,3,7,3,0
2017-07-20,67465.78,4,7,3,0
2017-07-21,60105.9,5,7,3,0
2017-07-22,1,6,7,3,1
2017-07-23,1,7,7,3,1
2017-07-24,67486.21,1,7,3,0
2017-07-25,75113.36,2,7,3,0
2017-07-26,71081.99,3,7,3,0
2017-07-27,69694.08,4,7,3,0
2017-07-28,65091.06,5,7,3,0
2017-07-29,1,6,7,3,1
2017-07-30,1,7,7,3,1
2017-07-31,70753.3,1,7,3,0
2017-08-01,77123.06,2,8,3,0
2017-08-02,72866.08,3,8,3,0
2017-08-03,77323.7,4,8,3,0
2017-08-04,70382.68,5,8,3,0
2017-08-05,1,6,8,3,1
2017-08-06,1,7,8,3,1
2017-08-07,75882.16,1,8,3,0
2017-08-08,75936.3,2,8,3,0
2017-08-09,81944.61,3,8,3,0
2017-08-10,80621.97,4,8,3,0
2017-08-11,76306.56,5,8,3,0
2017-08-12,1,6,8,3,1
2017-08-13,1,7,8,3,1
2017-08-14,78505.93,1,8,3,0
2017-08-15,78454.54,2,8,3,0
2017-08-16,78577.16,3,8,3,0
2017-08-17,76243.84,4,8,3,0
2017-08-18,74592.21,5,8,3,0
2017-08-19,1,6,8,3,1
2017-08-20,1,7,8,3,1
2017-08-21,77457.53,1,8,3,0
2017-08-22,77343.11,2,8,3,0
2017-08-23,72763.23,3,8,3,0
2017-08-24,73668.54,4,8,3,0
2017-08-25,68466.14,5,8,3,0
2017-08-26,1,6,8,3,1
2017-08-27,1,7,8,3,1
2017-08-28,71599.18,1,8,3,0
2017-08-29,68849.73,2,8,3,0
2017-08-30,72920.72,3,8,3,0
2017-08-31,75414.96,4,8,3,0
2017-09-01,69087.8,5,9,3,0
2017-09-02,1,6,9,3,1
2017-09-03,1,7,9,3,1
2017-09-04,76764.4,1,9,3,0
2017-09-05,74107.82,2,9,3,0
2017-09-06,74360.4,3,9,3,0
2017-09-07,72862.44,4,9,3,0
2017-09-08,71129.22,5,9,3,0
2017-09-09,1,6,9,3,1
2017-09-10,1,7,9,3,1
2017-09-11,77806.9,1,9,3,0
2017-09-12,73766.5,2,9,3,0
2017-09-13,69382.2,3,9,3,0
2017-09-14,61326.08,4,9,3,0
2017-09-15,58066.01,5,9,3,0
2017-09-16,1,6,9,3,1
2017-09-17,1,7,9,3,1
2017-09-18,71235.8,1,9,3,0
2017-09-19,72221.6,2,9,3,0
2017-09-20,70489.6,3,9,3,0
2017-09-21,71342,4,9,3,0
2017-09-22,67780.65,5,9,3,0
2017-09-23,1,6,9,3,1
2017-09-24,1,7,9,3,1
2017-09-25,70247.8,1,9,3,0
2017-09-26,70313.1,2,9,3,0
2017-09-27,64244,3,9,3,0
2017-09-28,61348.8,4,9,3,0
2017-09-29,52986.78,5,9,3,0
2017-09-30,38851.45,6,9,3,0
2017-10-01,1,7,10,4,1
2017-10-02,1,1,10,4,1
2017-10-03,1,2,10,4,1
2017-10-04,1,3,10,4,1
2017-10-05,1,4,10,4,1
2017-10-06,1,5,10,4,1
2017-10-07,1,6,10,4,1
2017-10-08,1,7,10,4,1
2017-10-09,64292.05,1,10,4,0
2017-10-10,70966.3,2,10,4,0
2017-10-11,69523.7,3,10,4,0
2017-10-12,69997.1,4,10,4,0
2017-10-13,67735.3,5,10,4,0
2017-10-14,1,6,10,4,1
2017-10-15,1,7,10,4,1
2017-10-16,74874.8,1,10,4,0
2017-10-17,101191.5,2,10,4,0
2017-10-18,82126.93,3,10,4,0
2017-10-19,69809.7,4,10,4,0
2017-10-20,71384,5,10,4,0
2017-10-21,1,6,10,4,1
2017-10-22,1,7,10,4,1
2017-10-23,74172.5,1,10,4,0
2017-10-24,73291.1,2,10,4,0
2017-10-25,67947,3,10,4,0
2017-10-26,64393.3,4,10,4,0
2017-10-27,66997.58,5,10,4,0
2017-10-28,1,6,10,4,1
2017-10-29,1,7,10,4,1
2017-10-30,52070.9,1,10,4,0
2017-10-31,45800,2,10,4,0
2017-11-01,45298.57,3,11,4,0
2017-11-02,70798.14,4,11,4,0
2017-11-03,73247.28,5,11,4,0
2017-11-04,1,6,11,4,1
2017-11-05,1,7,11,4,1
2017-11-06,73950.18,1,11,4,0
2017-11-07,68676.75,2,11,4,0
2017-11-08,68304.6,3,11,4,0
2017-11-09,71186,4,11,4,0
2017-11-10,70067.6,5,11,4,0
2017-11-11,1,6,11,4,1
2017-11-12,1,7,11,4,1
2017-11-13,73728.1,1,11,4,0
2017-11-14,70413.9,2,11,4,0
2017-11-15,73029.8,3,11,4,0
2017-11-16,63096.7,4,11,4,0
2017-11-17,67595.9,5,11,4,0
2017-11-18,1,6,11,4,1
2017-11-19,1,7,11,4,1
2017-11-20,72892.4,1,11,4,0
2017-11-21,75294.3,2,11,4,0
2017-11-22,70101.8,3,11,4,0
2017-11-23,69748.57,4,11,4,0
2017-11-24,63305.45,5,11,4,0
2017-11-25,1,6,11,4,1
2017-11-26,1,7,11,4,1
2017-11-27,69957,1,11,4,0
2017-11-28,70496.8,2,11,4,0
2017-11-29,70440.7,3,11,4,0
2017-11-30,71984.65,4,11,4,0
2017-12-01,71925.2,5,12,4,0
2017-12-02,1,6,12,4,1
2017-12-03,1,7,12,4,1
2017-12-04,71439.5,1,12,4,0
2017-12-05,76122,2,12,4,0
2017-12-06,72565.7,3,12,4,0
2017-12-07,74421.8,4,12,4,0
2017-12-08,65529.2,5,12,4,0
2017-12-09,1,6,12,4,1
2017-12-10,1,7,12,4,1
2017-12-11,74235.6,1,12,4,0
2017-12-12,72360.54,2,12,4,0
2017-12-13,72507.2,3,12,4,0
2017-12-14,72732.1,4,12,4,0
2017-12-15,65206.6,5,12,4,0
2017-12-16,1,6,12,4,1
2017-12-17,1,7,12,4,1
2017-12-18,93553.8,1,12,4,0
2017-12-19,80753.8,2,12,4,0
2017-12-20,88377.5,3,12,4,0
2017-12-21,68261.2,4,12,4,0
2017-12-22,59812.8,5,12,4,0
2017-12-23,1,6,12,4,1
2017-12-24,1,7,12,4,1
2017-12-25,64504.2,1,12,4,0
2017-12-26,59656.8,2,12,4,0
2017-12-27,59690.5,3,12,4,0
2017-12-28,59128.7,4,12,4,0
2017-12-29,52039.58,5,12,4,0
2017-12-30,1,6,12,4,1
2017-12-31,1,7,12,4,1
2018-01-01,1,1,1,1,1
2018-01-02,65729.9,2,1,1,0
2018-01-03,69247.2,3,1,1,0
2018-01-04,68391.1,4,1,1,0
2018-01-05,65919.1,5,1,1,0
2018-01-06,1,6,1,1,1
2018-01-07,1,7,1,1,1
2018-01-08,74114.6,1,1,1,0
2018-01-09,75718.67,2,1,1,0
2018-01-10,78502.65,3,1,1,0
2018-01-11,71424.6,4,1,1,0
2018-01-12,69340.8,5,1,1,0
2018-01-13,1,6,1,1,1
2018-01-14,1,7,1,1,1
2018-01-15,73572.94,1,1,1,0
2018-01-16,73872.4,2,1,1,0
2018-01-17,80656.9,3,1,1,0
2018-01-18,73882.74,4,1,1,0
2018-01-19,67912.6,5,1,1,0
2018-01-20,1,6,1,1,1
2018-01-21,1,7,1,1,1
2018-01-22,85140.35,1,1,1,0
2018-01-23,78137.2,2,1,1,0
2018-01-24,114428.4,3,1,1,0
2018-01-25,70308.5,4,1,1,0
2018-01-26,84192.4,5,1,1,0
2018-01-27,1,6,1,1,1
2018-01-28,1,7,1,1,1
2018-01-29,76791.2,1,1,1,0
2018-01-30,67801.6,2,1,1,0
2018-01-31,66415.8,3,1,1,0
2018-02-01,69159.6,4,2,1,0
2018-02-02,91393.6,5,2,1,0
2018-02-03,1,6,2,1,1
2018-02-04,1,7,2,1,1
2018-02-05,67841.3,1,2,1,0
2018-02-06,66973.29,2,2,1,0
2018-02-07,67227.1,3,2,1,0
2018-02-08,59174,4,2,1,0
2018-02-09,54415.7,5,2,1,0
2018-02-10,1,6,2,1,1
2018-02-11,40329.15,7,2,1,0
2018-02-12,43398.05,1,2,1,0
2018-02-13,26269.4,2,2,1,0
2018-02-14,7876.2,3,2,1,0
2018-02-15,1,4,2,1,1
2018-02-16,1,5,2,1,1
2018-02-17,1,6,2,1,1
2018-02-18,1,7,2,1,1
2018-02-19,1,1,2,1,1
2018-02-20,1,2,2,1,1
2018-02-21,1,3,2,1,1
2018-02-22,26814.2,4,2,1,0
2018-02-23,36929.65,5,2,1,0
2018-02-24,35092.9,6,2,1,0
2018-02-25,1,7,2,1,1
2018-02-26,67676.95,1,2,1,0
2018-02-27,70333.3,2,2,1,0
2018-02-28,64141.3,3,2,1,0
2018-03-01,66476.7,4,3,1,0
2018-03-02,66164.1,5,3,1,0
2018-03-03,1,6,3,1,1
2018-03-04,1,7,3,1,1
2018-03-05,68983.2,1,3,1,0
2018-03-06,71010.7,2,3,1,0
2018-03-07,85116.1,3,3,1,0
2018-03-08,66050.9,4,3,1,0
2018-03-09,67824.55,5,3,1,0
2018-03-10,1,6,3,1,1
2018-03-11,1,7,3,1,1
2018-03-12,69217.8,1,3,1,0
2018-03-13,76381,2,3,1,0
2018-03-14,68778.7,3,3,1,0
2018-03-15,72733.1,4,3,1,0
2018-03-16,69346.2,5,3,1,0
2018-03-17,1,6,3,1,1
2018-03-18,1,7,3,1,1
2018-03-19,69019,1,3,1,0
2018-03-20,73291.87,2,3,1,0
2018-03-21,71055.6,3,3,1,0
2018-03-22,69535.1,4,3,1,0
2018-03-23,67151.6,5,3,1,0
2018-03-24,1,6,3,1,1
2018-03-25,1,7,3,1,1
2018-03-26,68657.8,1,3,1,0
2018-03-27,68092.5,2,3,1,0
2018-03-28,70226.09,3,3,1,0
2018-03-29,4715.9,4,3,1,0
2018-03-30,1,5,3,1,1
2018-03-31,1,6,3,1,1
2018-04-01,1,7,4,2,1
2018-04-02,2923.7,1,4,2,0
2018-04-03,1,2,4,2,1
2018-04-04,1,3,4,2,1
2018-04-05,1,4,4,2,1
2018-04-06,1,5,4,2,1
2018-04-07,1,6,4,2,1
2018-04-08,1,7,4,2,1
2018-04-09,18758.2,1,4,2,0
2018-04-10,75695.42,2,4,2,0
2018-04-11,94485.24,3,4,2,0
2018-04-12,47948.2,4,4,2,0
